Id,Price
725,158761.3665
15856,228935.4658
5480,255685.4788
15664,304715.2275
14275,146435.5678
7633,211157.0123
13329,165511.2246
5502,232441.2924
4220,296520.9164
11538,209831.6913
15975,272408.9529
3310,221456.069
9286,147948.9362
11260,183463.3856
5214,108066.9595
11307,182324.9109
13543,372453.6978
615,188145.3644
3495,231002.8824
2321,235885.7817
12046,192063.8726
16688,130487.0527
12694,240836.5605
783,153705.8377
8968,173532.0074
13454,177614.0073
12190,262105.9927
11160,112600.1985
10291,201859.1991
891,281772.4966
2982,179595.8928
3818,262756.0602
2449,192903.2342
8317,162024.4888
4922,184069.6269
1257,237693.9839
9348,212071.9387
4176,174076.9938
10704,159940.8688
6624,114485.7168
5428,198920.5386
12749,178321.3678
8994,188776.8658
11513,143590.0768
3047,194307.8449
9519,200728.1047
12309,239819.01
14081,270002.5833
8334,250238.0636
6343,184518.0697
14788,130349.7311
15748,298198.5788
153,247670.6278
14149,181696.7243
269,190884.9178
5452,137073.4946
721,157489.9276
5079,322035.306
2831,123048.7392
10614,112695.9061
10131,302469.3556
9996,320030.1358
3061,182841.3549
11733,312122.4849
3726,252612.0433
10929,222123.2887
9011,228821.0595
16182,274673.9591
4976,175167.0072
9897,244921.7152
1872,147406.4983
9205,426821.9846
5403,381381.7106
14074,206149.8258
6268,156655.2379
14232,161486.7081
8532,219541.4337
7034,316010.8187
6553,442276.5185
3133,176879.1295
8596,197895.4367
12389,250816.5787
14462,177094.237
8860,371358.831
8377,281046.3554
6367,331656.7652
6917,249177.6936
4216,200617.3755
5806,165883.7582
5438,188923.6793
6632,210257.7584
2650,155590.8143
5396,183976.0078
4044,146546.0912
1345,252620.7427
856,178490.5571
12791,269945.4754
12499,215981.8464
12249,127679.2621
14641,142896.4291
1919,162386.3972
7848,201571.9951
10749,184799.3591
15554,186179.9691
15834,179045.1971
1355,144682.0766
15451,176849.0333
12401,210243.9801
10290,171319.7782
9462,116210.4901
3103,233729.7904
3420,144103.1468
12262,237080.1018
5032,141651.7934
8949,333398.4531
15567,230494.9367
16389,164537.2762
7809,84838.6973
8990,166147.5165
16089,269980.8393
12743,99768.8383
5132,119664.3514
1619,286072.2914
2428,100595.4801
16741,158109.5975
13193,216133.0961
12588,529159.3161
5067,174532.8939
14685,124864.643
2292,173671.08
5746,119090.3423
12578,157832.9212
14834,184827.4074
2147,172103.6592
8222,127214.6055
10419,253089.5546
11492,217226.642
3006,221974.8406
8761,192818.9471
15371,341925.798
16367,148165.1411
6317,285287.4793
10878,284728.2734
3895,152858.5544
8041,168093.1377
13428,469438.9666
14669,151272.2629
1006,179911.0304
12271,181884.5054
3764,399631.0006
7675,189699.768
11709,279172.7558
8629,141570.554
1105,252515.6391
6096,184454.9642
11727,214778.8326
5157,166132.355
3679,155016.4793
1755,135831.8486
7391,197335.2705
7425,102840.121
6882,359080.4491
10752,373132.2591
7472,211804.985
14320,101510.9097
9596,166880.9308
5317,201481.318
7378,88861.6592
16154,183282.9408
3464,208156.8878
4197,247862.4622
9477,114942.1097
12705,195898.9733
16426,213506.871
1481,68199.4346
9946,250242.901
12025,286679.3368
5341,225183.0474
9923,280452.9573
7953,232634.5658
11066,252941.9641
5037,172257.872
2509,192334.6053
4937,325963.4553
12089,393359.5098
4964,177728.2614
16500,269354.9634
4625,144643.4115
2363,423037.4485
8148,189034.7006
3804,188806.3367
4584,154253.3238
10694,108223.3913
2691,171395.8817
2983,217226.0929
13563,350988.7197
10747,215727.8001
1721,196701.4123
2789,265169.6172
7214,257508.7293
8659,214008.22
5107,305571.7927
3843,242171.9827
14610,407402.7164
15505,165977.7739
5060,275220.5042
16055,251436.8202
14963,211874.6493
4118,147651.6973
1672,194926.2625
3209,187462.4146
16515,146737.6306
973,170650.5786
12529,180956.5671
5896,119009.8037
5450,248211.0526
3249,180621.2853
8911,181972.4627
5898,219944.3251
1024,174202.5632
4766,210671.1196
15804,188182.239
14303,206307.0095
10707,187354.7734
6605,206483.7986
1138,424569.3253
14088,433075.6536
9154,185937.7765
8190,195627.4227
398,268164.42
13302,247876.3851
9696,147470.0584
16786,124910.3118
16230,195970.8988
6552,184348.5471
923,223234.4389
9602,330034.0594
5857,294543.2108
8120,174462.7325
7134,185675.569
11726,170712.5905
8069,116146.4297
12420,171963.6629
8604,198732.8498
4854,285800.8748
12212,193148.9902
12099,374718.9191
3882,399377.1034
6995,380338.562
10172,221138.2573
11672,348849.2646
12897,283480.1779
16097,183167.0635
6779,275865.2804
11199,191135.3897
10816,398573.8252
143,426036.0739
5399,254831.8623
3286,157703.407
13706,206579.1367
1935,398726.3495
16000,191923.645
2860,201279.1227
11407,208040.3114
16378,276335.1468
12278,181408.3107
3842,187353.4009
2692,334917.1024
7699,187292.6581
6825,283298.4149
7268,346977.7537
1477,378168.6646
9887,181741.2169
9436,185676.0864
3179,233037.6147
1350,480676.8882
10643,184140.5403
5793,264113.1194
11494,371732.3881
4206,188792.8398
12419,230142.8918
8530,234990.0655
5985,165072.5242
8908,199843.9985
256,116301.5637
7234,170174.5624
5648,213176.7594
3014,215594.5399
2184,194403.5538
9189,250831.4053
14884,188742.9225
10333,166192.0937
15896,134876.7609
13269,141918.5057
8603,214313.2625
15087,173796.9407
4344,189411.6319
7981,71898.4337
10908,224358.1357
6190,166396.7416
11742,205351.8314
9224,147345.8948
14667,213405.8458
458,194345.9338
2464,367012.2954
12320,236661.142
278,196997.7144
2912,213528.6975
6698,214580.0237
4510,124257.1087
4183,183409.3396
5551,246347.9676
12187,181277.3881
7948,225663.7381
10808,189144.0959
12432,182875.7403
5356,178829.2071
8984,492805.0267
9203,184610.0325
15412,87198.6573
12041,135791.8662
7644,283151.5974
7071,197412.6027
10685,174380.0037
6763,253328.6101
940,145858.3327
14959,190260.8161
1338,155954.7477
5351,131664.4478
6524,191178.6066
12516,156858.0958
3288,256739.0364
3146,226876.9029
3954,178987.749
11955,170503.9764
1211,224122.9301
15668,200342.3627
1320,89994.7235
9108,162779.5122
16482,245154.0197
5017,141081.2952
8290,204471.5084
4304,416270.5075
1930,207911.5183
12530,168172.9979
11295,357220.7522
3002,151335.4697
15483,162011.8735
11525,192099.9938
13978,120226.7833
4885,169046.6638
8325,171515.0191
3630,127111.263
9165,163163.7998
13945,237563.5439
10663,191036.0977
14803,178510.5083
7621,175922.9467
8205,229817.84
10387,203513.6546
5457,151868.073
10234,349557.2252
6251,164993.4361
701,265398.9333
7930,180780.9821
15028,133882.6954
12172,74886.1009
5805,172862.8602
7411,302422.8158
14806,201004.5058
7890,167746.8831
10440,146524.2761
14926,166762.0626
5381,144785.476
3800,368970.4232
10511,235199.1634
9324,242637.1179
3313,230719.3428
7351,150058.3524
8459,182698.5807
9957,126079.77
12024,170092.6609
4380,240797.2591
5042,121518.7921
13289,152786.45
13407,378473.6306
13258,151620.6713
15993,273406.4171
12525,186260.0045
4062,247914.0685
12065,183324.5575
8227,187416.9824
11333,168200.1193
2867,139689.6936
3319,271306.1164
3523,279462.7077
7055,202362.0878
14930,180195.5566
3444,132159.8938
2940,320642.37
6935,388090.1855
16116,333509.9288
13370,247939.4549
6103,215684.5866
7446,193303.4758
1859,172108.25
4079,174711.6451
3228,174064.3527
9665,162988.7953
15957,428368.6389
11533,172430.0427
2314,124402.9884
4096,213285.4279
13437,170159.6822
5980,221054.9864
2008,190462.6116
6754,186783.3696
4129,158570.1462
14557,300512.5349
7096,321167.1246
14297,259134.8385
3967,249772.0235
16485,107931.2132
13075,321203.6207
14289,188276.5865
10988,164570.2958
3230,150289.4556
13250,171424.5469
2559,176933.867
7739,341342.3772
7213,166560.2085
6639,198304.8229
3164,310859.91
15207,158088.4631
5113,189398.7307
3929,151419.5187
14493,244947.5262
11110,189812.648
2033,200039.6266
16057,214736.1687
16709,240029.8405
14313,156444.8602
1028,292931.5527
7187,103393.2085
3738,342448.3194
9869,299522.3219
12644,192444.1982
3686,113662.5989
9196,264750.5656
12326,199305.698
4936,194165.7127
13314,172686.0228
9857,322574.417
519,183562.9115
8410,169215.2022
1720,185737.9562
10341,230429.6796
14415,191343.0785
10613,279111.7257
8027,221884.1083
15539,275452.8557
7431,273747.2838
1370,144422.7097
12708,153575.4508
2250,215378.132
14758,140781.2079
8525,355023.9849
1538,285479.2358
1142,155734.9891
1152,254926.8262
9802,187051.2668
3331,326651.2941
15203,195505.2067
4247,167140.3782
1976,427877.2315
2346,176346.7599
10078,240708.4403
1938,211371.4898
7819,201711.1528
2168,246221.881
15634,233540.3747
8465,238297.6363
9313,153739.2763
6539,134966.3944
6325,104346.1688
13442,276656.3279
9967,182236.2872
7893,240120.2086
2861,190159.9784
11031,310960.3545
15073,128050.2517
13837,163247.1825
2524,242394.1945
8617,218079.5172
13513,194477.7999
3081,232148.5327
10675,346208.9559
1907,88034.6713
4872,239256.0627
16274,391610.4861
11837,237070.0745
16577,226241.725
5231,337910.6052
11315,179365.8769
273,202687.8482
8363,215836.3154
4255,216343.2094
16330,229594.2801
11528,175560.6429
14799,285850.1082
1611,263185.8821
9234,172528.6306
1633,106514.2883
6791,220794.3029
11567,336700.0219
3070,223700.8975
12094,233317.0878
14335,302117.976
137,170495.6078
7182,166639.3558
11718,180321.0869
5194,102248.7542
97,361610.8229
5118,436872.6076
13920,298949.0308
9952,195498.9876
15337,196680.4249
10243,218936.7344
4048,379569.0392
171,165388.1266
11378,165330.3974
14190,173831.7378
15265,146320.058
2740,141730.2426
5573,267833.2662
4481,206468.6989
2631,148976.835
4984,250774.7472
16466,187120.6075
16716,123358.6496
15325,183314.2628
10115,179860.4489
117,485689.5731
5476,108933.1886
11757,181034.3748
12359,123297.7483
15546,193268.9548
8133,159169.0837
9018,363987.59
2075,168094.4193
11170,302699.0574
15733,212158.7562
9280,146595.4889
10734,314471.9696
14071,161532.7995
7373,221262.8914
14736,183348.9648
3458,118199.4514
6183,157036.8208
7825,229522.599
16775,175843.9596
5717,173278.6728
12397,142567.4193
8189,518409.3443
4423,209531.983
3994,112532.4928
10342,190522.8097
10051,201211.599
9453,145221.7003
12593,492775.5101
1274,83683.5318
6933,309592.8317
1761,146860.3132
7157,336291.7592
15169,148802.5434
6792,356369.3766
13830,172072.3606
7240,165733.6825
3051,240521.6587
6550,115025.9227
4603,186577.5224
5729,165913.3085
13473,323789.0145
15104,137469.0529
6599,392350.16
2216,303125.0764
8721,305863.1037
3645,198313.7758
8664,215295.7011
11001,193809.0504
753,158778.7897
8129,226446.7357
15235,176571.8999
3359,217929.2982
10424,231049.9083
10226,244368.3179
9252,205622.3383
3008,244048.6327
5849,184767.9274
8494,177312.9281
6764,259825.5061
12445,343264.3599
11716,186307.6878
4508,114019.8783
5669,198403.4746
11427,101372.3225
11065,190417.4273
8910,219072.7168
16401,124232.634
11913,155351.9818
6221,215994.5473
10839,194285.6247
2809,205016.4414
13311,182949.9368
6866,194120.8086
6019,169202.1916
3024,170548.6922
1391,228991.0344
15904,216368.6229
15858,296025.0067
9911,242843.3943
16579,202744.1253
4394,279025.9255
1468,443962.4366
12965,154683.3539
2249,186910.5373
14384,149112.3433
13040,131971.8955
8872,138503.4867
12864,233084.2381
15712,171267.975
14049,172374.3745
1840,106243.7955
12019,167568.4718
8948,162648.151
15154,225105.0209
6943,148611.016
12564,375947.1972
12766,163871.0326
7255,245213.9697
7962,154594.2889
709,140167.0546
4634,140607.3181
889,230489.9502
4774,130917.5027
13890,164649.8268
15431,141002.5779
8726,348269.1189
10373,138921.6218
6413,174855.2126
9761,140479.606
15864,155953.4017
6147,149324.5568
3384,257803.7177
320,268376.7358
8006,172958.9165
14395,173290.1398
14976,101172.8596
12185,232785.4841
4779,133998.0811
8551,152488.1125
9025,261689.5361
10616,228581.7868
7475,102218.9575
6341,316809.7906
14163,147029.6158
2211,186798.2295
10532,305769.7914
14338,145157.8884
831,176832.1812
3382,168295.2319
9209,303230.2776
7188,243347.1146
7197,228551.9395
11270,151088.254
15918,91971.4655
6937,450928.9251
6178,182960.383
10668,125465.69
1413,260063.664
6884,318362.6681
8266,206494.5136
14019,205529.5345
16764,149010.1533
15306,173612.2022
3740,220386.607
5298,198407.8699
8319,176232.7594
4229,183796.4243
13429,186395.7241
1753,395234.8257
860,241754.4432
14219,153149.5836
12113,197487.0105
11309,124559.7951
9930,211798.5413
10570,201934.319
2839,154381.9052
6699,126760.1426
16647,114095.8962
5325,247390.2037
13733,145059.3696
7818,332928.7506
12505,226329.4678
9489,192599.211
10106,194365.7153
7864,205047.9754
5134,268288.1545
11859,150316.9068
7440,385919.0356
1525,311520.5477
7339,188112.5567
8,332198.8124
3248,116877.7181
8995,244888.5927
15178,68546.0746
8594,162146.765
15770,236399.9346
15859,338961.0832
1735,332910.49
11410,487575.1684
16397,158954.8558
3572,145572.8221
5501,106424.4673
969,190330.6092
6977,449500.8792
1233,179878.1102
4258,155066.6919
90,389184.5873
16650,179709.7553
197,104719.0501
12514,249225.1558
4367,190043.8525
3199,184273.3551
5600,199771.6711
11641,149252.8713
14609,111627.5869
12775,168122.4858
14240,161598.3996
7933,192932.3137
6945,347251.3331
14006,200563.3872
6320,248514.1391
12061,201903.7456
16369,227868.238
16354,335903.1268
3970,319779.2716
1048,196893.5153
3639,219054.264
14448,241589.7287
2812,443849.9424
3932,156113.7437
14875,351185.5057
8883,118292.6462
7622,333421.8152
7252,128013.0976
9751,171242.2997
2378,210199.4543
6816,234651.9162
15358,187620.5419
7843,155657.8886
10448,394484.7334
7840,296729.9093
8880,233159.4427
12551,333759.1883
15470,192192.6662
16207,228147.2836
12123,137238.3529
15247,362726.7675
7481,194747.3105
16171,348747.5838
7461,295592.1694
902,224772.677
13094,165706.3004
11584,243283.6885
4462,199683.7615
15576,150137.7722
16606,251964.4039
5427,307160.6202
7725,163115.1769
5409,183339.2944
12579,124001.2899
12013,241705.8736
11321,198832.638
9932,141415.4766
591,150380.2898
10357,203186.8934
3336,235366.327
13,178721.549
4809,228812.7124
7555,213656.7942
15172,347090.3555
6989,137129.8361
4707,179100.8286
2046,246803.309
6495,119447.9886
3873,184635.8725
7061,188812.9232
12112,234750.1617
8917,336463.7628
7735,163293.34
16442,219652.3664
4244,160883.1575
3747,224995.1794
11086,178602.6021
10080,196475.8546
15057,286035.3106
1331,188877.5909
8891,162589.6887
13411,231981.3475
16730,219547.3673
2267,189028.688
3022,190805.534
11190,220182.0169
11857,188936.864
9318,194926.4164
16512,182801.3973
2053,226004.7936
13707,122092.4996
12143,153961.4788
14080,159285.7913
6130,176295.095
7936,85341.2029
10101,171562.5941
5663,187437.6444
14811,124631.9064
1366,186120.7461
908,197569.0171
2953,126556.8747
14629,143456.1621
15096,355887.5055
2115,188530.8759
11770,168453.1675
12701,184526.2933
14584,134424.4454
1893,405323.7285
9501,485426.7852
2138,139634.3647
9346,199771.2474
15960,369532.4693
8230,157358.4407
13843,211673.0576
13810,208073.1953
15650,187742.0413
9974,140016.9847
12200,214089.1944
538,201487.8011
5334,194956.7644
14823,117770.58
4817,170284.414
9041,187995.4064
4359,266990.2798
4852,239380.7888
10141,146493.6119
1503,205908.1348
16256,401393.7784
683,106321.3915
14382,202522.1549
7248,198999.0159
1200,173424.4967
3563,174314.6531
3681,397260.9996
3053,263795.4158
4099,219519.1649
807,103962.3822
4658,310096.916
3535,175347.057
12548,156650.804
10488,198868.0115
5851,157861.3572
13736,207189.5373
875,169676.4399
14449,157151.6376
3958,354672.9548
10727,181051.628
11296,136521.1109
13646,235070.5529
9599,232360.7496
7135,286943.3122
5943,320617.32
2695,265868.7892
6766,223411.1723
5630,173403.2366
13586,206284.0417
3507,406957.1308
10014,134269.736
459,255716.638
3582,253522.0868
8560,274569.1737
3372,182003.3598
13109,262454.1566
8160,242148.5216
10706,228708.721
9104,332008.6447
2870,204581.4575
13712,131239.8647
13924,139119.1332
798,256348.0621
9750,433035.968
16248,401058.5894
3170,170644.4489
12700,192473.0377
10601,135998.414
514,185794.0855
4010,305271.5146
8124,154375.3037
10800,170698.377
13628,196250.8158
11637,157773.2588
781,179437.6436
16156,173268.4771
12618,253876.3532
9766,181809.9146
15987,259007.6566
11051,322802.6908
7673,199095.9297
1245,412618.2645
2443,152834.0173
7413,79952.2497
310,145273.4101
10921,223172.1734
8709,93581.7622
12404,331921.3576
14986,229315.2534
10714,333543.3355
14286,214822.5402
13828,311705.0435
8926,439813.3891
12233,186518.9864
3913,204550.7648
5221,202564.4894
14965,89456.9539
862,191620.0869
13907,134915.3258
5418,187401.9058
2045,173828.4721
13321,187744.6123
2762,235133.2773
13888,188238.2066
14962,146622.5207
13305,368961.3618
8487,269823.0695
7146,167132.5637
1134,188251.7337
15092,331213.2116
13760,237437.4303
11958,442745.1042
3177,174360.4211
11350,229290.3193
1524,114192.666
5527,255249.2595
2872,199087.5887
8602,374866.6261
3067,334246.1279
10435,214266.5271
11222,216174.5671
8700,149945.947
10961,226798.4819
14305,202150.3852
8362,272450.109
4979,158754.3369
7180,323357.9288
5763,107275.6503
2192,210608.4887
13581,190855.0133
10720,144137.0598
1358,238133.7712
13366,319315.9058
13539,372864.0329
12849,206697.8358
6794,179091.4324
525,494034.8065
12223,369873.6111
16271,131129.5203
5818,127288.9865
16588,290723.1104
8981,132106.8411
16476,122032.505
14663,180442.3265
3,141071.3434
6615,132836.0933
12215,246146.0291
304,252850.2816
13634,284173.8843
9208,182921.4612
2175,170835.3186
250,210715.5565
6045,191748.6933
10516,160244.5648
1852,474163.2711
1573,198658.5603
15079,166265.9037
5500,181928.8542
15775,145587.8711
3198,163933.8958
6718,197419.6473
4149,176710.8407
9627,239327.1916
7595,309204.2014
4538,202196.4365
3555,213583.0134
10483,364236.823
8834,174374.2767
16412,185348.3922
6449,169202.1054
2767,187939.9147
11498,172105.9645
16472,136345.8372
178,364198.067
10948,187745.5839
13313,299401.3905
8065,145033.0487
102,154671.9929
14428,141400.5034
11973,134557.2791
6663,173347.4931
15989,129887.835
10955,452389.9274
11772,150942.8516
11364,242167.9495
7082,174704.8403
7749,400571.9152
6428,135151.1571
6869,107670.152
295,170392.1508
12266,251177.9562
11129,242365.7072
826,373915.1821
3262,229941.1178
15641,299514.2273
1662,504875.3523
10926,225661.2453
10232,231130.901
6376,192874.6191
7817,180973.1561
354,204127.1668
10076,194824.4486
11379,331260.2343
10184,129347.3417
4696,378495.8705
13562,469705.5332
5436,182310.0211
13196,107120.6363
14939,218156.9962
14004,214411.5928
5916,180984.7022
7229,198263.1769
9143,156536.0212
3440,190844.5293
319,174335.6911
11683,230101.023
12647,245400.6121
12788,152133.5017
13662,242513.4798
423,270093.9101
5222,210425.2754
9242,188194.2469
2641,178563.9724
4855,142329.8051
5360,202201.45
9799,152679.0534
5526,251572.6039
10309,168575.4705
2144,417884.0115
7191,201729.0909
6732,162076.0733
14789,152480.1252
13525,160344.8077
4066,347262.0258
16422,199423.7646
14890,197258.381
2922,232327.8729
3601,105446.6778
13416,117690.0923
14363,200675.4431
9496,277475.6216
7115,310727.508
8615,154111.2368
5218,74703.3677
9493,210432.0282
10623,184728.8091
2272,105694.3152
3352,320275.5524
84,175958.9514
8086,122877.8866
2595,173576.4659
3531,150528.0872
7460,283558.0885
9214,273176.3504
2790,246306.9404
10548,240629.9522
9218,170491.7258
7435,183344.4554
15780,185358.9573
7640,208839.2221
6223,185690.4149
3425,113838.2074
10582,149405.6703
702,244654.9522
2111,177397.9058
11730,196462.2906
9865,257654.4943
16478,320803.8763
1885,221381.7936
3956,363137.405
16735,107415.6682
15264,218797.2136
15971,168169.9992
5584,199631.5637
15242,167378.8588
14358,167525.3536
11300,194758.7609
5446,182661.5703
3934,177549.8763
6610,177456.0288
10164,271948.8952
4646,194723.8926
13304,201485.6319
1985,206432.9375
4746,138780.0525
7963,207250.8864
14083,287922.5329
13140,292076.3586
15023,250098.707
13093,233663.7526
7160,171553.2548
7407,183103.9601
16056,180595.1288
751,457749.8686
6179,91400.1667
9137,282954.1907
10992,275367.464
5744,503836.5922
10884,161075.0936
12858,280831.5879
13005,305178.7799
16714,186187.9293
1419,251651.6458
6064,207659.0128
3771,202100.3595
5945,449497.4993
8453,66836.6308
3806,160256.2795
16748,266359.3206
11380,228595.4993
3107,195447.5484
12003,199394.6171
14567,238173.3123
1079,195780.8342
11705,154996.0472
7814,179520.7157
10174,163500.7937
5514,242080.0616
5265,253616.2087
10520,350422.4443
13195,215877.586
14601,388475.0209
6012,184025.9185
13079,166785.171
9009,128573.2337
3122,180238.24
5470,234372.7523
4840,162487.3618
6270,269081.3246
9158,100076.5388
10120,126431.1828
10672,298996.5871
4573,138511.7503
12118,293779.2055
7447,130378.9155
2171,228240.1763
6126,388547.9648
2836,168213.729
1457,240125.6838
11165,233118.4245
5923,194276.4322
1813,211152.0846
3492,230557.8097
1917,271885.6027
965,441235.7893
15795,146200.6425
821,209505.3589
4568,188763.5511
9078,228061.4075
11371,124342.5981
5149,206321.1832
281,207162.0993
1918,246915.2938
776,127290.3364
210,203775.9888
10782,178602.0882
9653,186321.7599
9372,162479.2676
5868,177479.532
6176,128891.3002
3969,118809.9872
7427,142610.4067
8544,473801.013
5219,218264.1782
16488,135149.7442
5855,246828.4082
15920,116761.6679
4393,418137.0832
5770,171401.72
2900,146290.0063
8622,88416.678
11610,268635.2193
10969,119614.0712
11029,111623.8023
6193,304932.9205
14087,461088.8708
13623,167477.1727
16689,173655.6418
1027,202811.4611
949,149326.1588
672,101161.0425
13832,139351.8413
2471,201100.2856
8728,315901.7612
7742,226495.6111
2698,221229.089
9084,172863.0208
6075,283552.4965
2874,170833.363
13119,135387.2464
5010,212550.0655
1284,180182.7415
1151,165657.7728
5110,296645.0098
11386,149439.0909
8019,217487.777
2859,125105.5947
16110,174412.3477
16027,276400.0126
14902,190377.8946
14301,208883.1061
2451,217180.6186
13596,135177.7387
1464,145246.9168
7927,419744.0591
9638,193333.2385
8009,280881.9243
11903,155834.9213
9243,114549.3179
547,191855.3265
5511,115041.5546
11247,178747.5487
15928,380878.6341
3434,213737.8938
7614,119758.7748
1380,206490.6642
2770,136765.4559
111,180110.8025
5994,129556.0642
12341,198650.1799
2787,259227.2785
14410,304823.4931
15983,129911.4769
14876,206878.4008
653,137973.9458
2174,249631.2638
2575,290630.4299
7976,169491.5516
5812,319572.4573
13589,338130.6054
9122,134159.5351
8159,475835.1215
8754,302567.9844
9321,250349.0065
13535,181558.6108
2083,171601.6758
2689,316676.1139
2248,227966.0288
11649,159042.9413
11045,409425.4138
1276,89225.3273
5962,141488.2994
13012,162492.8637
4642,175417.4745
179,169374.4288
15347,422878.2371
3339,158879.2668
8166,189377.5508
11617,154832.6787
52,317748.3174
4395,206610.5218
2183,222451.7072
16045,204912.0359
15719,174400.8936
9864,203962.2334
1903,491181.448
13451,176948.5741
3640,161564.7286
16551,185521.3161
2343,155270.4346
10528,218085.656
134,230279.4069
13966,344361.8727
2366,159490.1906
1198,229044.6486
12627,95263.4317
11623,220896.0622
8267,125927.5485
56,280703.1636
2988,268016.4082
8843,251625.2938
3043,258164.4773
16486,341330.4298
1241,172865.9998
11180,309223.5907
1984,191089.1999
7364,151413.5531
10769,134678.3368
16617,247582.3131
9007,326246.546
12953,376341.8636
11366,182399.8565
16483,192521.406
2326,198749.8866
14195,136350.4965
3484,207563.8348
15257,186724.0249
11920,272648.8774
1359,182987.5226
10353,162287.7238
15614,122781.0112
15101,271452.5252
12755,325987.9068
6252,202181.3957
7485,198233.5636
12603,192729.7161
5281,388548.5113
10708,162898.7103
12563,155149.2571
4592,190766.7965
3390,381597.2477
1986,173485.2658
5745,143909.3355
14108,197242.5663
9693,117029.9168
669,135467.4391
7320,276209.3617
10258,149023.2701
507,195087.5205
10365,170485.7959
9363,188993.4183
8736,110682.0383
15100,190622.8515
13420,139990.251
13248,260910.7203
1972,369007.3656
9258,210769.9028
16455,277511.1051
6150,208232.4456
6283,190952.5533
14979,224449.8177
13935,222881.522
4985,161789.7188
5393,126651.0003
1730,130037.9144
14129,197594.2882
6254,186496.7416
4173,417914.8979
4910,272990.3671
1297,158957.6183
3366,125320.3699
6044,346175.4887
6259,149651.766
3852,112168.0195
8723,221936.5122
16109,215489.5866
3721,186350.4694
13453,279848.5142
11962,231442.9833
12998,158449.2864
6886,207229.8871
8200,313019.1399
51,237226.8232
3930,270779.69
6310,209511.5311
6112,197088.5806
5135,138914.8296
7522,312766.7345
9825,246565.8126
2411,252950.8268
14940,441039.8529
15970,155563.9974
9894,261130.6327
2564,188822.2088
7095,221887.4544
16754,224249.2858
16195,134503.294
1770,240418.2344
5363,396201.2116
11360,220117.7699
13034,323676.6662
6542,157519.7297
15870,241597.5413
217,250175.3891
6490,289016.0726
6692,327263.4278
2235,148668.5706
16732,265109.6175
11499,181810.1047
12617,198749.803
9060,258158.4286
12017,161297.8507
16750,181008.3081
12230,162979.3038
2158,160910.5428
15184,124920.4925
2981,194880.4577
10281,190711.0465
16596,189368.2569
6976,405227.1767
14680,158597.2326
10618,175862.6798
271,214571.9905
10817,207681.4293
1823,421162.1934
9549,144628.3729
1201,153057.4122
2112,215147.8911
2951,163786.006
7183,191746.6579
11404,132241.5836
5473,315747.779
9232,255604.0346
3033,319412.8462
11002,162175.901
8299,238514.3461
15417,203373.2733
15612,217553.3733
6168,178062.6021
13751,210058.6075
764,168432.7888
12833,83312.1551
2009,68956.4933
1005,367552.0677
10740,190787.2888
15323,270683.9243
9884,114325.2122
6185,289128.047
2311,166249.6122
7538,398109.5348
6256,165797.3232
619,419641.7993
1968,197400.6538
10168,109775.5816
10762,206053.5943
12392,144551.998
8877,279717.4082
2441,214772.6822
4974,202203.5205
12450,198717.2718
15837,217890.479
5260,323576.8683
6591,159249.0198
11688,261730.335
9940,182766.9298
12070,186507.6595
12876,127888.1838
6858,218098.0197
2385,226703.9431
3596,190140.9415
13540,133675.6663
2077,137899.2611
5654,327658.3713
14029,209101.0806
16140,116454.3234
13303,467625.2527
7289,163578.2271
15226,173834.6052
3330,177793.6167
15642,299091.6061
16217,314794.447
7330,221272.7729
3894,132460.0552
6719,202264.3826
13013,174330.7482
15835,218276.2159
10873,381153.6553
16379,238729.01
10771,270040.9098
13943,171049.1427
5139,276342.4498
5309,195885.8783
14227,424633.293
16292,183793.2231
14968,205429.3774
13277,220598.3102
1731,89264.9399
7286,127794.808
7455,178887.1526
3250,198714.7958
1659,194141.7108
15806,279008.5296
7491,256632.0818
1990,215590.9841
7769,425179.5423
9694,228185.0357
11961,217549.5839
4669,215866.3637
13826,328577.7189
1691,198688.242
3986,130318.2538
1407,174181.7161
5517,176835.0148
8432,172290.7579
2214,199568.4128
10449,173573.6508
2941,190105.1063
5944,186293.9958
1555,283182.4395
6105,174230.0252
4453,235356.7981
5892,252729.7569
5000,290528.5331
12995,177124.0473
8905,180000.558
11440,147743.4329
419,241783.9473
4712,152291.1605
2094,150920.0523
4567,156337.9934
10717,187798.6956
1248,407028.4533
12405,189837.7897
8331,430554.4471
3113,164381.1792
6926,302284.9333
6777,387029.6461
4060,157281.1713
11547,279265.6649
15199,140638.5629
9282,190924.9796
16123,240981.3163
14094,176498.3221
8770,292578.9302
1054,341863.5696
11363,198158.6793
8756,109462.436
4800,159303.9078
7620,87370.1706
9101,165850.5289
13954,232494.8097
13600,390661.2289
2893,221820.8379
763,237255.8084
5347,176422.5081
12096,99459.0893
16333,245225.5368
16432,311983.2618
3513,97588.7494
13494,227690.2031
8690,200672.4149
7266,173711.0589
3472,176271.918
7021,198657.2396
12952,222270.2181
2774,219232.9334
607,205808.9905
6897,207718.3288
8220,262861.7106
8071,175735.8335
7091,277101.1666
1805,334035.6342
3594,209604.8593
13103,263468.2389
2203,142275.8855
12622,169245.6816
13270,225522.8667
9461,134739.2925
7759,137317.7599
4256,205371.1389
9093,201162.768
6033,258701.376
7734,179780.8934
12368,420908.4973
11740,235977.9164
9907,160113.2465
12398,303777.5685
6290,204663.6486
2882,231954.6811
5091,174828.4045
7228,234845.0092
5953,333154.9596
5707,347319.4238
10159,178216.3007
7813,208099.4784
6463,185901.5984
7264,143207.0331
5405,171695.9918
7543,188111.8376
13702,211829.4896
5538,205322.2865
6762,118111.3103
9416,199430.3555
10415,301699.3564
2139,269903.5539
13151,148949.079
10301,199597.2688
13273,210674.7432
7609,107764.8136
4884,167863.5836
3438,262747.5029
2215,178984.7941
1723,134022.3547
2340,220810.821
3950,318053.1525
7312,216405.4255
3602,332183.8786
12053,146991.6598
16240,180890.5198
8301,194127.0789
14068,198252.777
6216,398202.9108
12910,226557.1284
7656,415258.2691
7854,194897.8269
14636,180367.318
12267,258529.3479
11334,355141.6946
9326,299900.2595
5935,176767.1704
16132,150071.0469
8318,142932.0014
5009,177851.0047
3883,221692.3928
7565,183854.3374
7960,137056.7785
16736,187055.8443
15284,177208.8226
4301,270366.1371
4273,401471.7919
8436,171363.7257
2113,341237.2015
8469,270761.2033
648,218479.1581
7526,244010.8376
9656,212440.4352
516,146399.2644
6849,477694.7575
7013,219446.5461
13741,413818.1554
13281,191332.2983
12374,262010.7072
11855,424425.0007
2759,123048.4914
6759,108408.6214
1667,161744.3741
5138,338132.8944
2452,170136.497
13027,107788.8781
2493,137411.9984
9899,144305.0909
8151,221646.7247
5349,146889.9014
3926,291001.1544
6394,289363.7936
11720,213225.8481
578,191324.2732
4001,177188.0933
13504,188271.1097
14836,296603.5938
1741,159233.1225
1278,170205.5409
11890,201927.5586
1803,218488.7996
11418,193010.5643
13693,208820.4909
7321,228943.2586
12575,174975.1821
6966,210448.0662
16613,172647.0319
3148,459913.7321
8920,155932.9424
13984,375679.3137
802,252741.9034
13893,189979.0226
2495,161148.054
1695,161366.7824
14995,332540.5343
10890,238576.8141
5282,290437.843
13487,200749.2281
16615,336177.3511
4545,360567.0623
14032,158309.5511
15707,261229.7941
13931,200967.2686
946,168505.2582
11500,556453.4542
10220,147059.2909
2604,209328.9833
10761,300033.6436
10982,292575.2115
11729,194608.2147
8152,123638.0416
5323,178750.2618
9448,164856.5288
14935,146483.6779
385,338982.9228
7039,303595.3154
9366,179383.3007
15823,285040.1301
8993,186683.0664
1282,169196.4547
437,166831.8782
11011,136776.112
10104,178440.917
16321,149874.6724
11188,254105.647
14291,139338.4652
7781,190165.1737
1203,203701.9965
3731,243156.9989
9037,343793.3337
12937,158416.6995
5196,193205.3115
1746,156676.5021
6345,128375.9307
7950,302436.3047
11552,206472.8932
11950,91529.9714
4805,381431.3828
9152,262802.2376
555,338427.9761
6765,123128.4807
8515,324569.5026
13915,173012.1387
16036,161330.6341
16625,182726.016
11870,283602.4116
3304,142577.1679
9636,260921.2889
5232,449099.5531
8878,202654.4971
2756,179714.1466
5140,128952.0106
375,203054.8321
7149,231728.8646
16353,285640.1695
15742,183774.0868
5957,167071.7882
12580,179719.3532
10409,241551.6768
13766,154106.5296
7778,197792.5569
9028,177904.1017
14213,189526.9446
12691,203077.9086
1658,153189.5148
15352,215267.0883
10670,208989.5834
14260,184274.761
8870,201761.3931
12054,183707.1376
9386,338049.4955
14378,335448.7035
2080,179550.2424
12729,229973.0569
932,130583.506
3149,232005.8396
245,226780.7091
6334,172143.4858
11684,373978.6006
5099,127242.4431
1828,143821.4019
13464,195355.8952
4023,255095.7724
6563,149149.2184
13207,180784.9168
14075,500086.4603
5722,187561.3887
2308,248900.3543
8169,275502.6518
3341,278743.1897
7693,73142.7444
2549,264105.0008
11576,341227.7643
8010,231085.4841
605,283083.8641
1580,308385.9074
1588,325463.1489
15197,172201.4503
190,195285.4877
12488,128583.4431
12254,235010.2585
3991,197639.4338
5076,216375.4062
3214,145958.4596
2348,193733.5359
13573,189803.5797
14296,206472.2538
4207,236759.0027
6529,226012.1859
16043,162168.7546
2508,192094.9432
12297,167876.621
10012,203722.1359
1874,162198.8405
8451,216296.8927
16108,210122.9794
7200,388007.5159
859,443572.428
8415,262980.6472
1649,65976.9979
6269,332411.7899
8350,179678.9984
10978,207264.1345
16751,168267.8711
10133,119469.8835
11908,185916.8316
15627,124572.9586
14923,77695.4925
3669,416340.1578
8316,131118.4252
5702,300125.4563
3480,179359.7545
11965,199710.0392
5869,115857.6841
11147,256503.472
6505,164305.8548
13797,335041.7229
14915,193990.4411
8221,169461.0791
5873,156894.126
13900,230193.4199
13804,268344.0386
994,180516.3451
2118,177870.3392
15158,222900.9708
9898,115041.0335
3509,479149.7837
10228,103124.4969
12409,361859.6159
9260,215657.1019
11462,152088.6123
3265,217291.1326
54,267719.928
9316,327546.5848
16208,330785.0581
16582,173417.2441
6338,255846.0752
699,214651.5908
3396,141839.5466
13995,176748.1289
8971,117263.702
6068,237029.5455
7020,193126.7743
14015,182908.1289
4172,235947.0877
12959,461319.87
5659,206031.8485
14766,127043.9198
14402,187265.6187
6611,150637.7427
3213,276769.4409
13306,176137.8514
5966,219644.7552
3685,415355.8529
10994,205089.1632
13564,232472.2873
6507,203785.1131
3196,231759.9829
1771,151040.4338
13367,347821.1962
1529,120626.0056
11128,157433.9815
11948,222864.6846
3798,139902.1965
11443,164010.213
15581,159659.24
15056,254524.581
5114,325439.958
12195,187673.9033
2044,299717.0513
13169,92311.5949
15180,345120.3457
15543,159327.0245
3770,149127.6454
772,261935.4781
990,170626.2503
5567,221171.4107
10805,285898.6758
3951,268574.8103
9484,185955.7541
3867,328713.4163
15605,219620.2498
3805,295852.2788
7254,279012.4375
2179,208697.5794
12745,195506.5914
16545,254592.7748
7310,211409.408
8539,166826.66
222,176374.8812
14084,362501.1173
15453,142485.5023
12318,257074.2056
7368,373685.6227
4027,213403.7591
4106,147551.0748
506,190688.7412
1995,223616.4531
7165,217694.2335
12615,158878.2825
16792,135550.9331
221,277937.2719
9710,135670.7308
4364,154420.5549
3379,328118.9938
8954,189368.2718
16630,174400.9099
9624,353226.2651
6967,247602.4556
8070,200571.8048
933,208670.8486
8155,231106.5992
6771,159791.3941
16477,184613.3814
675,228983.4651
7201,181362.0145
8254,174956.5799
11325,196365.5301
14018,147561.2396
5190,379271.3039
5505,126523.4213
2886,227527.3541
6941,85393.0089
2668,179742.3655
13831,178467.377
11036,260179.6435
13691,108251.5753
2007,215922.7579
6442,134013.1391
10010,206337.6182
3259,242578.4133
14013,181325.4344
2261,464027.8677
4110,176615.9033
13293,116718.9035
14931,214427.0345
12293,139741.5146
16398,299873.8466
7132,174537.1634
2780,192592.6297
5700,225626.6195
8186,174363.9349
7031,125988.0675
11269,426451.6056
632,141580.2439
6330,343483.8023
10905,183729.5031
6313,210090.7123
13396,178561.2805
13414,197352.9673
4270,153826.0805
926,148724.9057
11452,72251.111
16228,457040.1191
1781,232121.96
16492,206349.7447
14594,192037.6499
4485,181837.0041
8306,210570.0019
2071,182215.1433
9895,203239.6624
10544,191115.9982
11253,337779.7416
15213,354919.5242
2990,142209.2339
4518,296977.875
2766,152884.037
3275,241113.5272
14971,187202.2916
14863,137650.9303
1352,212218.6316
3423,179313.1201
13021,266323.7924
10489,148839.1588
12055,209192.9833
13089,80056.9937
16275,227572.2476
4272,168190.9884
3204,232100.4983
863,322500.6436
3289,126387.3368
9557,230841.52
14381,207565.2671
15208,439410.7247
8030,244774.2948
8080,126089.7206
9876,237079.7694
5571,239822.3401
5439,209189.5666
10689,170919.1016
9919,181231.0225
7348,271341.8162
11686,250602.8267
16643,404118.6344
164,130246.8552
15912,260121.7326
14237,189371.9144
7965,236833.7032
9778,147622.8782
14321,141497.9916
10617,183141.8226
12007,161579.2869
1415,102127.1746
12912,320306.7202
12062,256949.4974
7762,210255.8013
4381,490448.1893
7986,160299.8575
10647,238360.5933
13452,183528.1991
230,263319.6201
9285,242433.2514
4221,375694.7721
16384,176200.8613
14645,214693.4908
778,202442.7651
6633,213897.0539
15137,104687.925
62,176286.7969
10606,392426.1972
7791,112272.928
4161,175447.7789
5553,266824.8512
9433,69590.9462
7363,253158.9628
10162,204627.1501
9568,226034.484
9901,214374.0809
8047,163226.7829
12954,146125.8256
12479,183512.4828
3357,336820.7111
15088,158623.9402
163,287977.1099
988,240135.2745
5877,291632.8123
1683,210442.4894
5206,187303.8923
11155,151125.2279
15339,179445.3588
1590,199739.2378
11100,190066.6794
11216,178941.5801
1624,236305.7214
6113,211602.5478
2181,308280.4231
1023,264936.0502
8673,147809.2361
1646,319224.1142
11608,101688.205
5988,172898.1603
14354,230587.8563
6369,91836.0853
15936,218751.894
13240,363284.4693
3481,158411.6838
3479,251546.0519
1698,338303.7282
13154,268822.7284
7802,181858.8641
9702,178568.0671
12895,348353.1487
5728,166056.4742
10793,228735.7357
13529,210162.8907
746,192444.8715
2610,166790.0392
10932,184712.2165
15350,269179.9647
15692,171954.3115
5484,203695.1035
15608,193917.7835
5253,280328.3721
1686,280642.4042
10624,375119.2334
267,149929.5147
3295,332507.8556
9481,324581.0984
732,265887.9374
10022,376395.2393
6135,316610.8319
7224,239750.095
14887,191202.3118
7382,179936.8634
3242,129789.7826
3106,199634.9928
14678,187457.8755
6626,213246.6213
6576,204941.424
9008,221207.5642
2931,288740.4695
10023,182288.3669
14964,156384.7006
796,249224.5917
5169,107414.1643
1814,145376.9455
7372,214587.1421
13672,172957.4405
4124,189676.4004
1095,142143.8866
15950,89196.5882
817,415657.0871
15779,131264.8477
11506,230068.0644
8689,342429.0143
10077,236311.0061
10514,213803.4779
2198,598980.3512
8005,200871.8553
625,358549.3505
9420,174633.9603
10350,214068.0199
14494,173551.1695
11615,317917.1816
93,316810.235
950,210626.9287
3325,164796.8485
14459,145541.2596
16531,196068.2918
11228,216190.5375
11761,215708.4879
12629,216196.9085
10339,217953.9977
12203,121348.8644
16744,271271.5694
2786,198547.5485
316,106311.7516
11424,165937.2392
8021,135760.3423
12679,438318.8495
1871,167877.7915
5767,204843.1047
4047,320671.0479
16235,235874.664
10604,246110.4585
1510,217240.4803
854,142441.8134
1860,189572.7941
1593,194787.9211
381,181069.6643
10375,188114.0513
15149,225397.3912
11375,190812.338
3912,147564.6376
12097,365343.6538
16743,243121.3107
146,264807.9628
5308,127485.6894
4125,164872.4857
7671,354764.4368
12609,105485.1075
4353,179971.9335
6287,182177.7742
2264,304731.2879
3457,172765.3715
12935,145862.7626
8958,172481.9478
4532,180611.2969
14857,225029.0982
11376,194974.7688
13713,209877.203
181,241927.9848
10858,128953.5461
5160,208121.6473
6642,185585.344
9312,421676.8608
7736,208759.0239
4326,247614.708
1802,151162.4593
16115,193668.9412
16787,300647.5789
7107,149440.4665
6902,141232.9141
8950,319572.9632
9922,186502.7694
11453,258136.2822
10033,207114.0087
12131,385555.8781
11879,295926.7573
8986,146228.5056
82,187813.8939
7664,174478.3167
11116,264252.9589
14096,190889.9148
11577,218599.6973
1908,178556.2657
3658,182125.6603
6148,187915.4176
1324,189614.8953
8792,225987.9162
5883,400320.8555
15245,287500.7476
16382,107000.0872
2131,208630.0292
7581,240481.2012
11488,357410.4639
6091,271688.1563
7295,203767.6723
6427,165166.5696
4558,72944.0503
14436,188810.8027
8373,240205.2391
917,318416.4859
9837,424434.8724
5619,141116.7292
4530,159058.9352
11486,193039.975
8575,166495.3295
3540,357812.7478
4509,289000.4402
4709,156277.2266
10148,270466.1733
11077,214268.618
609,159577.3198
14733,220478.0193
10609,148218.5237
3616,154582.3224
8805,232852.0025
13799,217533.5977
5886,261589.4354
15836,110303.2009
11792,158992.158
9404,253430.1891
6456,172881.717
2569,128175.537
16727,212924.7311
12353,185232.8591
9841,229119.4394
2725,225894.9924
3388,186725.4999
9476,181183.0303
13550,114499.81
11934,231686.5064
3375,177775.8911
2932,279179.5614
9972,211247.5212
876,174221.1
13649,206189.9964
13444,323685.6541
12748,241865.4669
2003,180916.4555
2376,205904.7125
15961,194613.343
1221,254088.1527
7064,249159.9957
7799,165678.5265
4549,462991.1087
11061,171612.9845
2132,372750.2212
10692,194423.4963
14546,325618.1983
11088,189048.4777
4819,278976.9488
13682,125824.1084
7127,424585.8548
6245,161868.4653
10845,163395.5313
3285,115398.3293
11384,201111.4282
10897,179876.9988
8533,118400.1056
15341,244504.1647
3821,164683.8813
14130,162645.8718
4306,408471.2758
113,170563.5794
14997,180390.1334
1482,182448.9332
14780,321032.7816
997,240159.9061
7991,191016.857
15592,180415.974
11143,203851.3928
12472,176463.1748
13991,289895.9999
13399,369955.3534
2588,342984.0074
14274,337401.9668
11491,392667.4807
4755,180591.2479
7939,160422.7234
1779,155703.8979
11924,160872.2559
12713,206919.3021
12486,406938.9462
13149,264647.2773
4847,218754.1174
7638,339422.1033
15228,317903.4492
10069,208475.4835
2219,323661.5636
956,309547.2438
13680,133155.5399
106,218331.2639
13101,100526.2131
7540,246899.5638
16138,402024.0989
4890,298475.1701
13752,246206.384
14622,187481.2527
7871,187940.4082
3957,239418.4238
9987,235166.5715
8884,180698.4843
11715,282377.9053
10612,211435.4519
12945,213719.8576
5034,177385.6996
4463,370997.8741
3476,197666.2148
4846,245414.0079
2372,190190.3699
2873,212256.8536
512,196081.6444
16198,201253.8512
9155,345748.11
16464,110240.5312
6904,181961.2521
3151,176552.6529
1816,173463.4466
16214,357712.3167
6264,326558.3949
254,194171.996
5848,150046.0046
4357,166005.861
14265,149475.6732
12235,184825.7411
11342,116585.1833
6679,205832.9518
5377,211313.4619
7636,154325.1371
12798,158590.8944
16349,221402.2845
3028,139966.8564
12810,383270.1869
15064,146732.2176
13801,112450.6127
13387,229622.7154
371,206392.6308
1161,137875.8124
14593,161753.2492
12144,177505.9551
5555,447606.3638
13493,163073.5584
11130,262486.9851
8658,139424.2554
6491,212256.8082
303,201029.9313
1897,214498.0295
9583,100202.0707
4515,146390.5143
1411,181272.0767
8534,128337.8632
7227,216882.7983
13478,168206.5388
7546,299712.7605
2798,108153.363
10267,391650.8253
4519,139714.8705
12184,200797.4394
1895,310759.5892
13019,338839.0225
8845,202881.973
1929,326418.4668
1966,140720.8096
5268,87989.9294
11402,149823.2924
13503,162789.3674
14413,157621.7893
15419,142452.9432
11573,144622.1632
270,156014.7924
9733,174977.5499
2729,199748.5823
10123,276059.5257
9331,231200.2698
4342,128744.8764
4248,278154.7847
446,200653.6066
6677,181195.4989
8324,254259.614
9666,393198.2945
7303,169926.7356
2710,291698.1651
3334,174523.2643
11464,315256.7563
12220,340428.1905
14064,159167.5406
14350,181983.5924
2858,244307.1497
13014,343242.1282
13732,172752.6208
3371,329088.8877
5912,229892.6492
5881,175855.7608
6199,295072.9361
7344,182207.4709
6180,167442.7528
3343,231623.1101
12103,203973.3548
5177,168176.3976
7000,201354.7601
3990,207024.2996
11689,131818.2835
5624,194462.8415
7497,92498.8788
618,151812.4776
6909,211654.0903
3346,146857.5658
12521,168891.8066
11871,375852.5662
10610,165469.7598
14869,152877.6776
2268,133896.1566
12058,147151.7491
12426,176748.2669
10662,137706.1438
12512,133495.5228
14852,195738.1058
10876,153979.7033
7720,176503.8061
4334,67580.2431
12275,339110.319
12228,513892.2705
3715,205493.6354
9534,241764.3927
2333,158988.8033
15628,148475.2947
5043,174985.5013
16704,449297.9999
2891,244302.2847
14478,175432.9622
4429,171383.71
5929,135330.4348
1845,158779.3534
3001,171045.2228
6741,137566.5382
2202,144974.5818
15490,183054.1125
3752,218330.6615
4620,211992.1489
12795,153583.0744
2662,131561.6606
12845,196833.1884
5604,244180.5481
4861,173699.6533
8100,254111.3613
15990,237723.7435
6561,140723.625
14107,129928.7785
6274,119879.6904
4428,118905.7016
3184,203071.76
9247,245286.8334
15016,190289.1335
6009,210098.4581
3190,192477.7131
3386,144463.8471
11984,191723.2447
16215,171925.962
5506,263554.7833
10016,220172.1439
15394,297475.6083
15724,313179.4124
9409,148899.1005
12634,162065.4704
14316,178635.0941
8675,185759.412
15231,165554.3936
3236,172553.932
10087,211012.8758
5018,151910.4113
2728,134196.7054
8092,188972.9524
10698,173676.911
5859,157583.877
4198,87455.0161
861,188653.3627
7990,372091.8902
4009,198223.0282
10964,146750.9112
2114,284347.9246
1139,187186.3431
13921,189907.1529
15030,110546.9189
2122,133518.8334
1602,260853.0443
15032,401075.7959
5694,116586.4962
14026,207445.1548
1132,189810.991
15469,320832.6887
10223,191130.3434
3303,256948.0144
12655,224483.7186
16151,147019.7464
14649,176322.3002
9533,169444.1696
2229,158172.8443
7652,296529.4247
14523,215327.9844
12991,198395.6674
4539,187215.2278
395,155954.5517
4853,266753.5317
12082,164066.3273
1406,273352.1105
7788,200557.0909
2143,140446.196
11089,128524.4423
16693,168393.6034
14701,150748.8107
13689,189323.7373
4262,222919.9797
1046,201418.4351
12001,364464.7156
10729,192572.8017
11822,274171.4551
9132,306150.1299
14150,206366.8115
15217,173104.5739
4752,178358.4698
5875,162101.574
7873,269150.7894
16046,154102.4249
321,227842.5764
15077,317254.5494
9148,283878.5546
10272,254514.7754
9490,162351.0266
5856,190088.8861
2436,163357.6966
526,196923.5993
9067,124520.9061
1166,333898.7494
13029,206485.9239
8264,354473.339
13499,323531.3073
14681,185764.3765
10625,333152.1985
13668,265987.6544
4126,256721.4922
1527,172464.3275
12829,206741.5537
6074,103026.3145
16629,185645.7041
3231,353938.8694
6218,149132.3464
15050,240281.8625
16053,464084.7509
16745,149263.8247
11336,70408.2189
1318,228101.642
7424,153758.9506
8102,164763.267
5468,176570.1171
9942,318958.5613
1001,213079.1778
6010,278037.4334
7766,188114.618
10266,220914.544
3139,419673.1547
4759,201320.2314
6760,243040.6263
5682,270160.4575
1648,229126.2377
10363,181093.6393
7551,132066.7566
12901,141732.9051
7938,260922.2418
15709,455401.4446
9663,188236.3609
14868,212546.3962
7617,329499.5333
5755,377854.4441
11519,430455.0237
6954,169849.0807
7463,343515.3903
138,233847.2753
1499,224121.953
14579,168042.902
30,169628.8455
6991,241588.9615
16283,159828.0463
15305,431090.2102
12736,272636.2987
1506,519697.6533
4302,165220.6437
8170,233371.0469
14230,194725.166
14438,286372.122
15974,171144.1135
3263,185101.0903
11227,169462.0359
9355,121772.4313
326,173036.8369
13155,174287.1918
13238,318126.6818
2785,333358.9062
7047,188040.4157
4222,236367.4
14734,102856.6494
4224,131257.4639
11259,141320.7643
6174,128895.988
14057,166680.3745
5181,183793.1292
5926,248827.6486
193,223243.9929
12528,162696.9141
5128,370130.2242
13462,221031.4894
5845,156984.7318
6872,240082.6741
8821,225511.1182
5106,175280.9172
8164,283186.819
5679,223404.5547
2985,164743.7223
2106,204517.5333
12494,342089.2055
15150,181766.1752
187,206398.1541
15095,217829.1694
15289,178977.3459
497,183115.2556
10048,134824.0701
15012,147672.2358
11229,186652.1507
15927,189584.6074
12092,185488.6938
11174,216551.1136
13967,183907.2997
6693,207957.9591
92,277514.3759
13961,139709.14
16220,407722.4948
13333,225744.2464
7730,159840.3786
15250,138032.5422
16392,199942.1089
14544,181303.5265
7261,195137.5596
16105,160668.5889
2984,143011.9504
3162,237030.0653
2260,176009.0486
7004,359041.5086
452,181121.6686
7828,366637.6576
626,193659.2275
4583,278675.6941
3725,115245.7825
5894,219956.1149
3316,208798.9915
6887,171517.5644
2492,271752.7134
9133,196297.5124
15655,196433.2645
12639,228205.163
3848,119468.6632
11820,202179.487
15254,206510.3765
10750,86474.9426
1156,323686.3609
2910,182635.9721
8591,270270.6885
14247,224077.4023
1425,130107.8467
16660,170765.8708
1837,228086.1295
6461,182716.8525
2580,182427.9747
1052,149599.0652
577,247764.698
2825,252880.2915
2746,405843.2765
2291,394258.8182
10962,261317.2282
8547,217547.6546
10019,177231.5916
756,357893.5486
1709,339356.5456
9076,321539.0446
3211,189997.1614
2535,150428.5177
10943,320533.1122
4830,160801.0686
9928,145644.6545
16143,213474.0674
16784,229676.3056
16434,240907.6246
436,172173.4993
1226,271675.1351
1259,348713.6973
15299,120877.6723
4343,127928.4252
14661,175332.8262
1988,196252.1878
10173,202107.0039
11746,201766.1046
8412,182267.2394
9281,155166.8166
6246,201658.1856
5440,190826.5916
15301,212569.0734
1223,206867.6888
2714,322090.7395
3077,96485.041
5549,184641.823
16626,308421.4165
382,159985.4231
5635,74915.7129
186,235038.8014
4839,127356.6234
433,230483.2102
7210,119215.9745
15243,282106.8816
9993,236827.0001
7529,113383.7516
14506,176981.7575
5807,190618.7819
2373,232483.0315
13618,84133.193
9908,174791.3339
5404,210102.0543
11023,197768.1138
9678,193926.6252
6160,213887.6436
4181,146820.1397
4230,198735.6877
13858,151686.2153
15871,335123.7838
7564,408107.2602
14463,426562.2933
15115,234536.6232
7533,139077.5731
9862,164392.0133
5708,347226.6501
272,207958.2862
4612,199943.8037
13336,173948.2694
13944,183726.1681
3517,234650.8033
422,309762.538
12769,142081.0641
16079,265898.276
4398,203317.2348
8250,105891.7119
8900,189999.0814
10819,212462.9343
10551,154341.7754
3418,344982.1947
3889,161178.8269
1186,193694.6683
15227,405909.1144
13432,433787.541
10654,322751.3753
7306,169093.0036
16325,237676.5793
7510,281137.1108
7237,128485.2673
11812,389153.1472
7823,186547.6708
10691,243642.5973
12699,69683.0314
914,194453.1433
12160,212200.1227
4600,271622.677
5649,146132.8948
4896,192856.0957
800,231815.3071
10111,188490.0461
3690,191596.4297
10150,350570.1477
8099,147998.9694
9526,206117.261
7301,326831.8297
655,112992.2697
6187,406702.9952
839,247790.9207
10505,161164.0389
3830,116220.6899
11301,144589.2805
11895,192818.6149
3102,122872.2139
12351,128070.9974
15378,426990.3391
9593,280698.1945
5302,140962.7577
7585,388771.0845
6785,179716.7139
3611,235540.7701
15888,143815.2855
13152,209202.8753
6208,210223.9235
13734,148910.7363
9212,328864.4514
6098,239909.5089
12314,224519.2198
8848,214424.7863
8951,171917.8784
13572,181584.6746
15907,305792.6284
12325,213124.9517
14000,323832.9562
9515,163468.0985
4514,277362.4644
11968,373215.2639
12452,196842.9925
2163,246666.834
14538,181797.466
11324,187855.759
10441,168122.2177
1952,171696.847
11680,172060.1678
16190,278548.3887
7649,161993.1698
5839,119772.923
4659,171664.3345
2273,381880.4244
1829,148511.9068
3776,254829.8381
6607,143897.9892
10395,130372.474
10667,332085.6604
10950,217816.06
6339,172361.4162
12038,299740.5794
16128,180796.4466
9406,289716.9065
13386,163721.3624
13063,203629.6754
7319,149042.7666
11475,148718.0146
4109,167611.7285
466,173882.6231
7169,130236.4208
450,200635.0974
509,250908.8485
14114,219585.1734
10865,146382.7818
3497,193655.3233
9089,208747.2602
13675,195495.6879
6672,215626.6919
5464,221024.2904
16267,194006.4383
6372,420615.9954
4499,220588.4185
16547,193932.3954
11454,378143.4526
16645,390971.6596
9569,180924.5575
3279,277322.4631
12042,196103.3352
2547,190876.3992
16013,255821.4897
12929,208640.281
12343,252319.1206
10359,211592.5646
12543,186726.8243
14928,484540.3921
11319,197803.4361
14724,207652.7204
2850,200231.6847
10775,330065.9728
8462,203809.218
4724,216297.1363
6723,177103.4665
14180,229867.7662
5593,396354.9328
9151,392433.871
8697,471307.0553
10758,495005.6031
4276,229780.1812
13655,312412.0146
13674,217963.7796
10057,125742.0051
10732,175108.815
160,174393.9952
7451,214544.1184
3512,333178.7397
3925,161088.0422
14897,148649.4397
15963,206061.3085
13805,89169.1509
6894,123887.6951
14327,171746.8507
11838,128104.8171
12255,161149.2933
6587,178081.6859
6923,161815.5854
8885,150100.0058
10486,123833.7212
4722,416063.6968
14740,222863.817
4754,156713.8758
8674,212754.4748
13252,192412.3941
1905,170817.9464
8585,206458.4992
11503,176701.4481
8979,207475.7186
3879,320772.9745
5165,186767.2555
4200,188601.9319
15206,147570.3746
927,180487.1787
13132,176844.6564
8640,281936.6545
14157,188908.512
2991,462433.8742
15401,215551.4734
16356,185982.8605
10857,112063.8256
5651,163655.8761
14405,209390.9789
9176,302071.3276
16326,145473.5793
10397,192638.2728
14371,183775.9917
10577,139959.633
10605,272726.5054
8441,176099.3914
9546,110730.2888
15433,247745.226
14106,182645.197
13791,182118.9551
123,244934.2445
6786,184742.3031
4618,140769.1512
6750,174360.0476
2188,166118.4355
4729,232648.6952
11082,141968.0447
947,241344.8072
1066,150565.5609
13916,349550.7432
13134,333782.5919
15755,155088.3309
14683,244488.6065
5590,165607.5222
11704,291913.2912
11544,197498.2726
9457,161541.3246
336,241114.3967
8667,307334.2161
9989,427486.2874
3786,89627.2167
1467,394514.8788
15239,247143.898
6380,239327.2172
15200,339303.9024
10378,265952.7526
9867,215733.1973
12443,232439.5754
15298,314276.7797
9136,189602.8254
6713,284705.7462
15472,213455.3997
4064,187945.8501
13576,268664.5332
10634,375310.6538
13257,119286.2263
14535,262375.9493
13262,381154.3997
13852,113320.7583
3238,183560.2992
2029,205129.915
1542,271362.5323
5796,184473.6383
6273,220197.8699
8207,89870.6234
13913,163253.498
14113,108478.8621
11094,158171.5225
3598,421849.8995
11881,169942.0086
4186,334233.235
105,303751.8551
12712,197898.6903
10699,216244.1172
1522,125108.5064
6406,182372.2955
2600,264963.6101
12800,219226.306
14794,155780.778
832,169526.0938
11005,215397.9745
1329,239403.343
9621,115228.9639
3543,202271.8728
1234,222727.3968
14715,324360.9456
13218,196817.6386
12522,112358.9441
15168,220273.7563
3344,167968.0576
7989,167458.4201
13592,307374.6002
2349,94898.8436
87,75043.2695
3648,169729.1937
15383,181404.3854
4245,143373.1683
3037,339707.6478
4963,233698.0039
12513,211745.77
11906,371512.7954
6321,243238.1275
15889,211348.5461
16390,212833.7211
11080,238841.2623
4201,114803.5913
3696,202323.8259
15188,353669.272
1475,291399.695
15248,431403.6783
5836,187965.1966
621,342353.6711
15618,119970.0381
11070,475795.3101
5126,329110.0438
3191,268949.0213
4786,227610.3235
6620,250004.1888
9169,187124.1819
15908,221082.0591
5512,130254.7861
16496,220557.0737
4052,384167.6752
1158,194375.9605
5860,165168.4479
907,180134.4506
10880,307819.1022
2406,345315.8483
16135,219405.2437
16655,235645.1687
15009,152880.9999
9075,150607.1461
15211,246197.8432
11972,186363.8733
7343,156029.1307
10693,242630.4023
16611,148844.2065
11189,126912.8734
14873,198390.6555
2863,217959.1676
1616,116503.4936
6932,110884.131
10136,132670.5051
430,195065.3663
2978,219960.1711
9667,165213.6848
1215,127161.0572
8651,146941.7668
11529,143140.195
14115,178610.4846
13842,106120.297
12668,184138.3201
11298,195613.4785
14801,200088.5861
12346,273900.8057
7741,177936.5517
9160,162309.109
4285,207308.3079
1738,240437.9506
16527,204299.3278
11797,89570.861
11537,141754.6381
11661,148652.8376
16296,289444.2333
9835,183096.6812
11551,168138.4729
7868,500535.4044
6828,148340.4746
4870,157844.1163
14037,191397.1617
10255,239461.4844
13980,125008.7915
12720,187217.6131
4391,124137.1905
15559,157172.0091
11971,315655.0996
1294,212982.3573
4639,200532.9671
10815,228719.9832
12270,244462.4082
9322,286188.4169
14633,147601.2247
3733,195765.4013
9311,158252.2914
14855,308051.0902
13819,147031.6609
912,338513.8436
13565,135859.3679
5546,230547.6414
14337,245416.3318
5902,159673.3335
3939,206436.3486
12958,163434.5641
6810,170650.8233
6464,325689.2201
15753,227924.6978
8295,217875.1195
4190,140939.2404
13160,195728.3453
11609,318276.9461
6477,150709.9585
7833,177802.79
8088,239367.5236
7090,193475.9603
4818,213596.4773
3010,283266.554
2954,247022.0733
16552,183117.1097
563,197122.5173
13208,270456.7606
12886,129236.9448
9235,134975.455
2397,242143.8244
3059,276858.0976
8245,174363.2828
11636,188959.7788
694,238645.9772
7222,170233.9282
13986,322645.1785
6083,104578.0893
9782,163688.8728
13060,227517.0146
6144,309478.0195
15637,209862.3547
987,407526.2287
10696,280938.0469
5319,136231.9066
16119,348957.5967
8198,140694.5812
14721,223787.9946
4704,223124.7611
8806,319882.5385
14764,142898.248
14233,129724.1724
14252,250935.8457
9139,117758.8212
9297,275275.042
8288,231640.1745
4879,322795.2348
6384,184499.4539
7438,201736.616
116,237482.5268
364,161012.2317
2690,157148.1022
2193,417664.5064
1228,198022.3411
7607,222041.8168
6378,170117.056
16520,199198.7169
7737,225836.011
15652,139858.5511
15578,155528.7628
10823,127159.1345
11027,120353.591
7076,177085.5697
6451,247629.4747
15589,190956.1562
9532,168648.5412
4148,205020.1609
1222,325781.2685
8066,184946.0508
2227,150323.5993
8814,324206.3989
7121,175506.7011
8265,118898.866
2848,181671.2027
7971,169457.3538
15812,260738.4029
2238,205714.3622
11569,211536.9281
13631,155294.0272
13209,188522.6882
5448,193839.9018
5974,400597.5475
10379,175929.3738
13829,176978.0891
7552,476902.1091
11205,165289.0704
12787,179145.7622
12773,422631.236
1501,306099.1325
3650,193863.1428
14850,211693.6512
8174,115814.9684
5565,174127.266
11832,174040.9886
15866,155227.4152
8742,105772.225
5271,165162.0185
11697,249093.6768
13516,187028.6668
6408,177070.0274
15545,213484.6646
11148,120313.4606
1585,267990.0997
4609,178393.2242
3174,411870.8543
13784,213877.609
7889,110889.022
9385,310893.6908
4058,387592.8037
6783,202167.1227
14676,143823.7858
3284,147111.7844
4988,169738.8285
13369,180093.2775
10107,254616.865
11456,164158.8093
5837,439793.3613
2637,170215.6224
10785,381407.4453
109,359696.333
5968,72137.1084
976,161874.1692
882,146363.2682
624,151930.2856
11904,315475.0567
15314,114610.2621
6579,92609.5185
9199,163607.6697
12611,140479.4353
2898,223006.4517
8461,205054.6215
15020,199341.6053
5652,123473.0227
14262,206329.7316
10156,352900.2228
4461,175246.9828
16666,300365.7797
15818,181166.0902
4940,223626.2061
9403,176383.9184
13638,323519.6278
6918,199682.8232
16307,207929.0916
4133,132456.2263
12316,386136.3163
1655,328715.4198
9398,187628.7683
4271,230783.448
7584,272091.9805
16502,458849.6083
7732,183184.2389
14812,334472.2628
5083,249065.1963
4385,271749.5758
4024,189171.7388
5925,117823.915
5603,258797.5738
9172,248207.31
9485,246286.4311
337,174818.7945
9767,181001.6536
8228,213224.8685
14346,181662.4789
8946,175864.1779
11285,320029.1297
10588,330390.0477
16737,207239.9301
2262,336586.7059
12102,207180.0192
9851,152665.6007
941,231583.1307
10571,277284.3325
11487,255769.7662
12137,444232.1538
10549,139368.8735
11359,136631.9486
7724,172035.1223
6877,124921.7474
12946,128863.1243
10555,267657.001
2733,129135.5549
734,182026.9719
4572,144375.6908
9888,358109.8918
5547,256030.5644
9473,136923.4326
10427,281938.5167
12081,224190.7488
10888,337059.0907
4834,191476.9676
7141,141036.0107
3282,144003.5301
10028,401395.1606
13941,155229.0033
3897,136229.4302
3838,150710.4918
15315,122750.1998
4623,312993.8192
1119,230337.4071
6031,203102.3891
8516,129352.6711
9415,158147.8599
10798,104051.5037
13666,125518.8753
11068,326285.4002
1489,146042.1872
9467,289285.4384
1946,289889.9189
6511,145953.342
306,182998.5887
2837,318733.2359
9949,172433.4838
12571,256455.7869
9991,203813.7693
10974,186654.3571
5102,244584.77
15565,143677.3359
8320,199068.3761
4205,233046.4965
14341,189863.8711
12738,339091.2494
7959,108296.5905
15526,334601.3996
9391,201866.6003
13904,144836.9422
5423,152996.2385
7852,161850.9238
16525,84003.1516
3823,200627.617
1858,177304.6465
8638,430858.9347
5777,186076.1937
10277,179006.3528
8002,280638.7077
11877,203085.6065
3964,208327.2224
16783,283432.6304
9896,191328.8865
1733,151262.2908
12470,244102.3543
12569,279088.4753
744,159628.463
13608,186865.789
3980,222285.3403
13468,153263.7213
15482,277611.216
4135,119606.8219
8982,491849.7984
1928,203939.0614
12408,170671.5454
2316,71320.0242
3340,163721.4946
7512,115534.7744
10170,238766.4597
2558,133354.0916
16236,169634.2627
9115,87199.0336
11183,392166.2747
6603,270743.9777
8548,345579.5289
13883,177102.7921
10766,250977.0218
9575,272346.8722
12048,172762.5963
928,208613.2264
3068,236661.05
7603,193459.6207
12725,178204.2117
14089,168462.0865
13055,175622.6149
16602,172892.661
2797,260139.9294
7467,114053.9185
651,182016.4733
16374,188199.9386
16544,160706.2407
3098,167602.5405
3015,174279.1883
13224,197761.2035
11299,202218.9439
14583,126757.5119
4033,137426.8927
12076,241819.6655
15017,167897.5419
13881,249700.6308
13000,181231.5983
676,175778.4996
6331,436229.6773
7681,219336.3505
1435,289223.0343
2966,228368.0872
5825,290358.9468
5422,400457.3413
1663,180156.9423
15561,149363.6711
10062,267497.0464
6476,173656.9387
1957,183473.7995
10795,179671.1417
16197,111651.2667
14421,225453.8181
12994,197716.4212
3493,184336.5327
11545,174345.985
6726,140407.3417
9513,196995.2841
12556,128828.3434
9553,163271.5188
3734,382075.3375
3109,257725.7632
16319,205006.4237
5959,229787.4405
6683,240828.6827
9438,152275.4912
15857,283003.0326
2421,254505.3452
11540,208393.5751
264,200568.3757
16561,235279.8048
12288,243046.5171
9570,194717.0431
5936,158761.7697
11390,125959.2112
6551,192959.3112
3946,218350.1315
7746,207491.3416
2838,137104.926
2472,207891.2298
3520,189320.7349
1341,331488.0074
3910,326375.2241
5208,157657.5177
12599,187863.7384
2475,235549.6856
10966,176849.9128
5910,218421.8562
11910,215565.3436
16221,103532.0403
10591,158782.0874
3744,205323.4856
6618,355692.4811
8676,441387.6049
11193,185525.4296
12659,238803.0706
14101,167664.7829
14483,172957.1664
8107,265566.9379
10681,178491.413
10126,211595.6343
4527,267134.5817
16537,195582.0307
15403,200846.4848
11124,332792.9005
7468,152374.2784
3172,176081.6434
15847,170448.8719
8211,479259.743
9459,229897.262
5903,263236.0524
7232,149004.7504
3180,185966.1259
7147,357517.9842
10105,163614.9033
7338,115308.9485
2446,220777.0603
6466,131526.1018
5782,140860.6502
6526,112279.0874
14982,210652.9075
14639,268747.0177
16052,216303.1307
12587,165551.4897
13192,73272.526
9342,284832.0017
6052,136325.5774
7987,188627.1766
12165,303824.8844
15151,397534.5141
16728,176698.6283
12735,211678.258
939,170115.1611
10983,170706.3947
1385,133138.07
1892,163287.8973
8352,160367.5368
79,191395.3653
7171,178665.6163
6194,217596.3106
6973,160637.1056
13786,176903.9846
2578,295852.34
11344,183823.6493
14536,240954.8849
13518,186566.4741
15855,327938.409
4387,240868.0868
1596,225263.8441
4699,401900.4483
4559,393214.0197
6613,216909.5513
7489,140527.3694
2127,220726.2069
16668,449330.7508
5919,103946.8567
7696,143053.3202
12287,245922.6549
1053,232349.9719
7924,244951.2018
16365,288163.2309
13988,381319.5578
7415,221683.1694
6661,125235.0601
14496,183094.0584
15112,159289.8166
16444,177947.1764
8992,240503.9063
11054,324332.6796
3570,144127.3184
11016,71879.8918
10455,145239.9361
10478,212136.2395
7751,188488.8682
7913,380359.1953
4883,193603.2083
12728,393704.3254
11482,192817.0112
12561,149122.5684
2207,248642.241
11946,141982.5882
10552,238148.7354
14673,143161.1441
6914,169242.1812
15988,141025.7481
3878,161848.3169
13937,180435.4618
11208,214217.3928
3466,112703.3876
2799,175503.5742
13802,251064.9427
15790,134427.719
845,321432.11
13261,202572.2192
9986,203191.1047
4771,273545.2235
11763,315203.6053
13249,500798.854
15982,223454.5394
5295,149019.8774
2828,256900.7427
12717,233877.6148
14541,148524.9498
12898,146303.2857
15190,377467.7558
13553,277742.7925
11589,242047.6945
13168,199283.9923
14224,213947.0037
11844,246381.1248
14578,137355.7473
6770,251221.7645
1003,133069.0232
6716,158382.0936
6204,349216.8073
10213,280297.5081
2961,197405.2505
14134,175549.8407
9134,176285.5895
9906,331692.4368
12114,203468.3771
12706,174152.1156
192,198687.0841
11022,197329.2051
14712,312919.3535
2659,475656.9053
7602,197705.6056
3009,131640.4805
4533,468066.1158
5620,174646.3567
12312,145224.0946
10896,165199.1492
7532,148577.8751
5696,430713.6335
10743,438203.6252
16708,173365.3583
5430,170244.7583
4362,188492.8424
15599,178009.4916
8197,136519.9799
8502,97901.88
554,101756.7522
16301,189067.29
6206,387003.4346
10523,209602.573
7221,198734.4672
5906,182326.7993
6724,184729.2479
9167,196676.0944
10380,243749.4992
6209,152669.1097
14298,122881.0457
6854,183629.6758
15218,175209.9691
5081,173881.0107
14572,220345.1749
7743,217150.2512
11071,232711.4885
10673,145114.8287
16276,315208.4881
2840,183425.3166
14414,421525.881
15739,258072.1477
4743,170237.1045
3156,321780.5206
14879,182920.4089
758,145435.6899
14304,184307.4337
1210,355371.497
1137,178931.4816
6026,207963.6904
841,148869.5832
3993,155090.8705
16554,301998.4739
27,153600.1385
13015,200967.2045
9428,155043.6559
6885,173155.0376
2410,170049.7395
743,265872.8305
9361,320251.1648
14016,179627.6779
5040,352129.8572
14255,162458.9699
291,222728.7035
3937,196760.7049
13374,272703.0776
14948,218930.8141
37,114643.9729
8226,279644.7994
9547,142722.0022
1000,271038.1165
12406,148805.6
8314,231156.8904
960,141247.032
31,224535.3438
5905,133708.7557
15833,393856.4051
8146,263000.0303
16718,127423.2771
2231,187158.5688
11286,199215.1988
8275,141410.7636
16706,498748.698
6594,121771.357
15521,285706.5588
1131,205369.1147
9595,186431.9231
8354,234182.1606
15777,113563.2205
2330,255487.8135
13382,202907.0986
16721,86443.143
11393,167841.5562
7009,205813.0333
1474,164149.5103
5816,177910.3665
16032,219867.6108
3422,281262.7292
7231,163083.0731
1565,162392.0342
10574,137895.1719
1107,166980.2593
1458,152028.1392
12716,495605.3465
14039,163540.5283
7099,290059.092
4498,310569.5118
16394,106237.6231
8760,168431.1556
5016,142986.7594
1097,77283.3814
5433,177704.7217
7847,187367.6093
2903,375392.1274
15929,222239.8502
9066,392843.8426
16152,239755.3053
12383,281730.052
7591,278591.5655
15435,98962.0143
1556,276810.6621
10644,241376.0357
5333,184031.9706
4266,210848.5933
7946,244454.9922
15594,179046.4458
12127,213533.9007
7697,384514.5448
10020,198159.698
8999,247436.5629
15708,165646.8406
510,231650.0205
7239,131957.0579
414,319205.4635
9095,159076.6261
6136,189910.008
12482,227003.6576
1254,145090.4642
12989,219208.4962
2923,312028.0517
13845,117624.4065
11169,175072.1721
3031,451923.8875
12704,287700.0469
3430,175972.3916
4483,120657.7389
1438,163987.3401
7790,152273.13
10260,181935.4731
8340,185216.8563
11099,128041.9324
4392,155118.5723
1551,191863.4181
6566,246425.9877
12689,166114.1024
16117,176953.011
2800,364365.7831
7779,245731.9783
4546,157239.2428
16734,247961.5463
2506,162204.1419
12457,167643.8339
14626,123791.8486
9816,189818.6799
5055,148620.8641
13894,188002.8169
2676,180131.6954
13860,221008.2979
3029,188101.5102
5048,239295.097
12857,156679.0245
15813,141743.6328
9973,149543.1908
6664,292096.0416
2764,238663.2129
10746,130472.8477
1068,255798.4093
6797,242121.754
384,131839.5909
16012,82480.3568
10891,279322.2418
1110,120392.2241
10284,388479.8531
15508,194030.7104
6000,71903.5463
15275,217793.2998
5312,124779.4567
391,150172.2847
10154,185666.8321
7256,191006.737
7947,170477.8316
4097,192077.6564
1526,350247.6371
16261,276765.955
8470,143851.5973
3270,206579.5223
11212,257770.2019
1261,192415.0299
13456,124056.915
3862,204410.9239
13241,181236.2697
8526,219482.349
5013,260771.2342
10205,370082.9496
1346,240818.8159
12977,228313.7027
10073,154844.4993
9623,213176.2149
10590,188159.004
2773,238720.7914
4444,286153.7069
442,179353.8602
8376,241386.6672
13461,236591.2967
13229,166731.2453
8718,175310.5822
12847,174407.554
12117,217921.453
14510,134209.1197
9254,281459.7056
16290,238341.3062
3936,243869.5889
12526,173571.1612
7302,248611.4541
3268,216538.8317
13230,249562.2427
12695,214635.2736
14761,262575.9578
15771,245800.3316
12598,246508.7078
15357,169105.1932
9874,123891.7014
7582,205539.36
16604,472619.6697
2023,147688.7626
13932,175097.3393
13300,87218.0631
14040,194043.6428
12612,192158.6352
14843,313818.098
5242,153209.3217
1343,137005.4962
14576,188931.4373
6257,121435.2239
25,177003.1263
11043,219819.7689
5047,83052.9653
16080,239168.7905
2161,243174.2048
2444,161341.0104
5459,240111.9767
9033,146198.7188
11539,194265.5285
14256,186766.2175
9219,264323.9996
13840,317555.6395
4848,209900.8826
227,165847.1433
6238,192192.3019
15530,181587.8324
594,151345.2918
14505,100205.2014
11748,216444.4036
13771,140678.8587
5778,217195.1927
9820,109417.386
14066,202391.6842
8498,226991.5236
6058,226890.6427
13661,211098.8997
7992,183856.8502
10264,96534.3601
6924,187587.7943
9183,176832.8523
13325,214172.4574
10467,71505.2086
998,226316.2605
3700,212031.7201
5094,217669.165
11643,130409.8346
8496,181054.0614
16487,113481.6255
7810,286161.0318
15418,174540.5543
16355,217819.105
3194,171288.4303
9278,219513.433
2707,147903.673
5688,384384.5033
7883,201236.0369
5250,308988.4085
12794,214638.9381
15958,324510.7034
68,202637.1576
9505,187964.8095
4162,196091.4388
14730,153775.5171
14671,371907.2575
13981,252641.6152
4445,263661.8759
15067,161345.3671
444,233604.948
1613,211881.4965
8509,391055.1455
877,141639.9521
5170,284755.0793
9846,340708.7159
5915,176716.3166
12459,230279.6099
11318,207938.07
16009,235383.0293
14466,311717.1392
7896,188034.5503
11280,186054.377
15529,293374.3975
3859,396880.6052
16193,171301.391
8796,149101.6206
13010,180839.5495
8672,145745.0026
16756,132410.2333
6929,315745.4196
6288,240841.5106
2842,201455.7913
13446,495224.2362
10235,155820.3491
7654,216309.6294
15967,273857.2198
8048,196885.5962
4253,274830.553
8004,256626.1669
1397,373746.5014
4799,335531.7749
8558,147155.4131
6060,290421.5545
5608,178960.638
10515,235931.8475
8931,245298.0794
2396,245379.2709
4022,164738.7786
12471,266285.3835
1711,205943.6796
11430,232686.5145
9829,211727.4392
4425,204636.9905
9803,329871.1523
4651,339862.8892
2189,343660.6309
6368,271045.5737
6568,204989.2754
13827,68561.3355
4375,376991.4877
5622,211166.0383
10559,115222.85
10985,402179.1761
159,338810.7137
9038,191580.7942
9382,376774.4727
11998,207563.4327
5184,267816.2371
10542,181317.9578
3537,72756.0496
13475,156111.4635
15536,336809.3507
6948,258695.3575
2888,255890.0051
2830,224174.672
12064,182163.6938
8922,236409.9582
16427,203075.3067
14051,97797.7134
3251,373070.6964
14202,138240.1845
13756,141107.5086
1421,140985.2844
14187,197794.8882
10166,260095.7101
4923,101370.0133
11570,195026.7396
9844,166743.3085
918,169659.1922
8919,269049.2953
8818,158770.4104
2949,181254.1586
2423,132108.1206
15361,184593.5402
13254,105209.5884
9692,243865.0605
7271,323625.6342
2017,258591.1381
4036,147280.8423
11373,217649.3792
13377,249155.792
9977,180839.3681
7410,156081.5949
11817,234343.0209
2573,185829.6672
6543,206006.0511
8819,181454.1093
312,122849.3333
14517,190820.4275
15090,240804.0332
10789,178619.8683
1910,202887.7255
14652,168866.7815
13121,231520.1356
5125,229958.1486
1959,210599.6048
12034,281631.0616
15595,116321.902
6153,135510.9011
4053,203613.546
10877,285826.912
4529,187719.7529
10158,206506.6309
9236,190518.2104
5299,311927.7596
13059,224538.295
11152,254026.8073
11914,374374.754
2442,353703.0761
7044,181064.8978
5893,190089.0001
5035,104364.6284
979,301880.9661
3409,177014.2201
6675,201242.2737
11650,263017.4136
5611,139325.2914
5956,177900.4781
16435,197441.5572
14599,169901.3755
4215,194886.9028
8873,161386.6628
14918,289475.562
10011,158447.1987
11446,214598.518
1535,166634.3977
14241,202092.3216
9543,191031.4324
10979,163847.6345
14215,410356.6359
12365,188046.463
6681,184202.4922
2924,243373.3496
6445,255408.9117
12032,198590.481
10702,187249.9234
2974,163281.877
3877,174147.1963
15147,177031.196
15984,236270.5038
2324,379746.6122
7499,219623.8726
3801,373025.0554
4284,252046.4005
9329,171082.5884
3120,334013.5562
2531,141464.5693
13762,144414.8161
3691,183934.8033
8058,185278.0659
4897,167969.4228
14925,182933.8246
4330,141240.7572
5453,182164.6116
6559,226238.3599
425,355878.4383
14024,189469.8026
10413,149920.469
15294,178773.6572
2821,257960.5165
11509,119373.1026
9074,168363.0732
16091,278156.4955
3642,191983.636
16124,199108.7281
16449,157309.9099
8684,180892.2188
2392,338532.9482
12234,241894.7339
14199,116155.0171
834,313398.3138
1484,179439.1376
15653,151421.4005
11663,164438.9481
15397,400494.3643
11385,191839.878
10151,179367.0864
13263,122965.2324
4505,250600.5061
1851,140804.976
15471,148953.0387
6560,229154.9606
4007,377728.9981
10251,218236.6579
265,186300.1481
14770,190199.4787
1353,226767.6058
16335,226866.0532
10859,181720.4006
641,202697.6737
11985,211859.8486
8076,192884.9076
14160,175717.2809
12506,271024.7196
8809,194982.8467
6957,152184.6004
4478,120383.3336
4749,199132.2342
12322,182135.618
13910,158335.5665
8252,196141.4461
2431,268673.6661
12670,109989.2709
7537,151927.0424
4637,411739.214
2538,171083.3428
15290,224475.4753
16072,322347.9885
16740,124780.1695
6078,175329.953
16723,163983.9005
3847,238632.4381
5999,88338.8384
7678,241512.3452
4862,168119.9368
12468,148459.393
13409,349054.0852
12380,237091.93
8962,124508.9922
11004,269325.6535
792,160185.3206
5687,259193.4079
3906,120551.5429
13554,125798.2133
5863,117430.1813
13459,141808.072
12378,264840.4834
9935,130790.8993
5674,178877.7785
4535,208902.4581
12310,399516.5082
7048,163816.8425
1143,331371.5656
16085,181523.482
5358,176063.6909
7100,242884.0027
10384,172039.9995
5006,188805.5018
7371,157456.578
4720,161317.5269
7577,247716.4909
15196,205090.1703
8467,311300.6247
5251,134068.2148
9220,140154.2224
2151,169656.6998
8081,248888.1608
15824,176031.307
10545,275565.4017
13403,331255.8705
1559,67557.8718
16795,180628.0738
6293,173703.3139
16024,202889.7443
12167,181352.9039
3078,127284.3826
6736,208587.0136
12124,348542.5931
6489,320133.5261
2778,205026.4285
13074,148904.7246
4075,133266.9733
15195,240318.9241
3160,138284.8313
1272,226376.2747
14776,239345.4305
8497,271039.578
4,209062.7143
15732,328304.8699
9111,469087.6545
10748,181648.9984
8944,176492.663
1906,159448.9789
11283,106532.1108
14269,127251.5368
16232,158199.0276
1839,309202.3834
7894,306078.3757
5703,193116.7895
1347,324045.9259
4849,70260.837
5618,141626.0572
9672,208885.6856
2638,135788.3811
1962,316293.5984
11717,214961.0284
13358,314791.0258
8258,68251.8917
8822,238999.1978
2927,183960.5963
14741,289549.1144
8216,134105.2534
12317,132119.0535
13133,262515.3476
1286,179209.5019
13116,136622.1437
9198,129067.1779
13679,192884.7712
13877,152258.3228
5946,136050.3153
7428,211797.0241
1073,308958.9279
13970,150252.7702
8466,181100.7162
13135,167274.2237
1778,185926.5193
195,199802.6213
8973,117348.9151
10674,181686.7931
12350,134957.587
10295,136544.2776
7251,320510.3517
9245,183998.145
9126,124935.8411
7740,240881.7718
8956,200664.8775
13686,172589.394
2864,169634.2202
7110,146341.8648
11331,203053.3058
16637,178142.0657
4580,292610.7182
8909,383400.2404
11932,239639.807
5243,183378.0521
13419,279493.0074
3459,266939.2859
7053,383318.0773
14691,313567.1375
12535,160834.6125
560,350198.2146
7514,265616.6508
5305,174168.2275
11231,270382.2252
8803,130307.4369
9791,172112.9622
130,201002.6499
5874,382580.446
1440,178434.9354
6474,182008.3929
12168,181703.7214
13187,381286.9944
9831,215517.2388
15943,193323.5795
15846,163076.1205
1402,197184.4047
4968,247783.3587
5131,202543.1058
15580,110488.9606
10869,199917.9325
4679,131659.6781
13908,149499.5401
13489,225922.0009
16352,114050.6371
5691,181705.9236
8780,264482.6329
11933,301467.325
4136,379398.5159
12873,187766.8986
13330,206621.2423
797,146299.8175
6450,436537.5917
10056,148632.4078
1050,145470.3615
1202,173539.5033
6680,119488.3575
174,193049.7164
6337,131368.0443
6704,158085.0537
266,149888.4157
9195,115059.1008
14668,123223.9904
9315,228599.0583
469,285939.8326
8852,185336.3342
10907,212016.7386
5287,392005.8058
4548,222566.26
9637,177768.9548
11010,161054.8579
9564,174505.3115
2681,107685.2938
6776,170148.9358
8311,179444.686
6580,190653.349
14417,173695.6141
3892,191559.0747
4929,148065.0831
7340,276846.7207
13225,207193.0814
5581,117071.5345
8015,125516.3174
13567,146943.1767
10596,208881.1582
11291,163305.8914
10901,276060.9498
9349,262675.8626
4030,238391.7227
8357,183808.7498
829,173605.9251
5529,455632.1449
4134,216044.356
4867,172298.4532
903,237135.9734
3701,161128.0446
12916,101571.362
9031,204939.332
1965,266217.9393
13851,268822.2502
9314,219819.6353
7386,179503.7056
4088,152569.8831
14907,463670.0865
5991,215874.418
10265,260893.7849
15260,165678.3394
8053,191437.6986
9577,224316.1116
15509,150037.8948
12153,240336.6999
3218,243898.6156
4740,254612.6825
682,184460.4241
12176,261303.6721
12385,150894.4085
2523,85467.8245
5801,163665.0323
12751,146117.0626
15121,177078.4137
517,327184.8234
4822,228417.0912
1129,348109.1501
12396,183800.5281
11329,235159.0356
11856,251536.0879
3653,180232.8103
13404,77932.9288
14486,404006.4962
3502,181898.6255
7717,89235.2545
8808,182609.1201
11676,189148.4967
7033,278702.3441
1681,191394.2802
6658,155795.417
959,442141.81
4871,210109.2647
6946,205494.888
13763,229430.5941
15320,279930.6828
3065,136702.605
14742,174384.3986
13959,131180.5035
2427,161004.9101
1716,276819.9917
6258,128178.5412
16677,149965.4398
206,372592.4881
13659,506079.4571
7782,133468.6699
3308,125653.5155
9073,130753.0891
6342,399143.895
868,348503.2785
10153,251334.1045
16788,166144.4124
14886,156707.484
4674,189319.1068
13599,143779.5281
6851,236379.183
6443,219087.9468
9903,154821.67
8321,301066.3625
10686,205698.0896
11106,140276.381
11845,106804.0168
2439,268141.4178
5461,427214.2713
14559,212660.5628
10215,164877.6562
13566,380473.4151
16563,132382.8148
10492,262327.3851
13847,205002.2886
3607,186886.9782
2844,142625.1055
3499,148687.8229
7478,359568.3825
4728,306264.8568
10883,177444.5942
13602,82786.3
3751,145745.8074
10299,181920.8959
13023,198585.3209
14498,216866.7489
13601,125846.9519
5787,140489.4485
7853,162088.7913
2429,289279.7281
2359,279454.3082
13926,247137.8221
4278,166256.7209
14307,225516.6446
15677,348850.5874
9,126629.2351
12630,160283.232
16428,361638.6298
13285,194486.1637
7902,132130.04
866,107022.209
6077,158668.7477
4015,328514.7913
16350,166608.3446
14793,143167.231
1409,183335.207
5199,139952.89
12036,292238.796
9654,173173.8258
13106,178671.3016
11780,173879.7005
355,211098.0433
6247,157633.235
1045,237876.0209
4019,217760.4116
2048,216074.9959
14586,87584.4223
6720,208071.015
5509,132041.1148
8463,232748.7977
3202,245994.3864
6910,155186.3045
5701,348077.9916
1,248205.8252
6853,169811.5644
5386,186921.1496
9251,228832.3388
8580,182821.6484
3644,218300.6647
3258,190328.6272
329,195349.6677
5038,183744.1098
2526,187569.068
2082,332498.1351
11081,155918.67
3927,206740.8687
12305,192132.6747
10975,252796.2504
2590,224016.4027
9337,170306.1292
9368,177007.257
16111,150139.6315
986,314564.3013
426,179060.0392
10040,174165.5365
16463,157004.9738
3704,243700.3061
15406,258603.9874
10035,309896.9025
16251,134864.8056
9520,479665.1385
503,207071.4546
8260,259308.6464
14309,216735.4323
16054,308382.6163
3885,251871.9918
5924,139321.9594
12843,172859.5831
14300,130067.4024
12608,277776.361
11437,158223.499
9535,171057.2897
1528,193337.8758
11518,165147.1078
6401,256076.7769
9129,168523.1912
13069,202608.9033
16607,162942.5735
1473,274298.4521
6085,214216.7778
4067,245451.1257
9178,172548.0579
5090,135809.6073
15046,270783.2424
13621,164364.7777
16065,202625.9812
1944,186324.6532
1060,262269.83
1764,318787.2241
1705,183647.5057
9961,108270.5472
18,242510.1609
10371,92112.1638
13185,127252.6473
13139,279823.8322
3161,336287.0656
11931,229411.0616
8759,202644.3288
12969,92657.3378
14329,283665.1841
3637,195974.2609
1165,104927.6463
9976,175823.8231
16490,186121.0121
2074,312629.5672
15364,334991.4492
11394,315247.9222
10222,231156.7146
5948,126659.0548
7494,194142.1416
6285,234593.4216
15220,133662.5754
3237,157632.1171
3528,202484.8933
6289,319289.7619
15784,192894.7118
15321,333154.1698
4562,151691.0502
6402,233222.3326
12688,208166.2245
3536,170286.6998
8426,125150.5086
12434,269360.9565
5645,198041.1486
15080,224557.6865
4677,182514.736
9818,347241.2099
13496,154040.8813
15682,255385.3339
6284,259073.047
14342,169622.1671
8109,211054.1788
14818,255093.3923
5724,100517.8757
7471,163973.6557
14905,204506.7807
9719,371806.7159
10637,287402.7104
12838,168835.3654
15949,222203.8576
2334,300253.1563
3416,180616.1392
12303,143342.1391
528,172480.3624
980,184978.805
1298,115110.5737
13728,184905.1249
10842,131153.0988
14596,109698.2345
1899,369173.5292
16380,259787.7289
7855,128415.0626
8147,267058.0579
11469,149151.3149
5779,68819.9135
3389,391746.0234
7885,235123.8238
5254,396725.8564
6383,134343.5916
3498,203076.3137
16166,484712.8978
2413,238868.8054
14653,232036.583
9345,153593.237
13711,183243.6703
822,215295.2878
12640,159270.6038
11954,265455.2776
7914,394700.2272
7394,338637.4522
7354,172025.4712
13058,154007.09
4836,234471.9233
362,145879.4593
9365,137389.685
211,122314.9826
8543,154493.3297
188,186836.3943
14196,449435.1062
7114,288844.2139
13431,209251.461
12869,323124.1527
16681,272247.2273
16528,169435.9857
390,372681.6847
11752,157558.3147
4408,145538.6478
3315,185103.0371
16071,206264.5187
16535,67357.8584
12463,229578.7922
12790,255624.6722
11787,138506.0527
14577,192548.9868
4431,257764.3303
10286,146385.0769
1676,286376.9065
13993,320639.5306
4761,179713.5979
14670,209503.5189
4795,277271.7888
15411,242127.2835
2909,67347.3824
8236,399569.4835
14017,151299.7174
13974,236854.5483
6513,228366.9152
7695,162250.1045
5286,176376.1352
4902,260236.8138
1124,343677.4932
10436,192456.1628
14749,280739.7496
2609,208298.0164
14548,229106.6994
1566,154752.7074
3649,158879.1878
16101,237379.0667
13095,178430.1904
2779,170084.0916
14203,135072.1196
11019,179741.0908
7653,165153.5816
12835,194628.4633
9683,280266.8058
6955,124434.0361
11504,120459.0753
12110,180685.509
237,204443.2332
2612,206828.035
8855,289452.0054
8729,143126.5148
11580,198546.3441
13807,194972.2368
5375,236295.7152
16767,327834.4655
14540,213390.4809
255,262294.0024
3586,171986.8004
5671,168572.1357
10311,341107.4261
13280,212827.9572
1788,213043.6736
12128,183775.5447
3576,391263.8305
1285,225955.4017
13502,177412.5861
6518,219859.4083
1729,149687.6539
5398,167466.0158
12539,246610.9743
1476,175759.8723
5057,369808.1096
5133,241467.0463
2196,383658.8377
4041,210855.7663
5252,79072.9178
12879,167505.7761
13210,199882.1085
7390,337353.0293
15942,144738.9644
7054,121340.9098
14632,226060.1421
10208,227147.2916
14120,175775.6422
13607,204197.7308
9647,205763.5593
12134,193170.0053
8593,146302.7623
16231,141340.2859
12474,163880.7599
11640,128231.327
1685,111645.2447
4474,146476.3111
15313,160562.8096
1736,139931.0969
16471,169789.9692
12517,199817.8262
15437,211136.1254
3381,191093.54
16555,142380.9717
15738,190872.1957
2896,103447.598
11356,314034.1858
9734,168806.9488
1890,156455.1364
15344,200519.5204
13575,132460.4077
14595,210675.0163
10567,203342.9369
12889,171625.6674
1213,210434.2796
8841,102125.8407
473,258937.7616
14853,205348.8804
15271,378140.1016
14191,258968.5566
12703,286402.8802
2649,222663.2259
14916,149866.8381
8975,111242.0771
12108,234520.0821
6070,156293.9726
15765,170577.5101
3713,137051.7014
1618,285618.4983
13874,176741.7563
4407,129400.1019
8550,204900.854
15759,355702.002
7808,138416.2193
1127,209562.1975
13108,297758.3044
4426,174013.4053
6175,281697.9528
7903,236363.5203
2076,72194.7037
9924,232644.3193
2322,148201.1168
13844,182770.1418
13871,137794.9244
5908,246515.5227
429,431986.222
3443,132170.7104
170,158418.0434
9879,281386.9
15324,282454.8265
15616,170150.2472
14217,206127.3468
5262,171161.7575
13426,247835.5694
13286,161690.9902
10464,175954.2926
10881,199557.4398
12776,126306.5385
10664,180116.265
15237,201179.7195
15999,247785.3029
4816,320232.553
13856,158710.4262
2701,217281.6113
635,180000.2506
4016,221745.9393
64,202332.5484
4881,197655.5299
7017,302481.4312
7184,223552.131
487,160763.0719
15897,332777.7705
11444,138256.0844
3260,166008.0126
3127,163842.2806
7899,142821.6172
5705,195936.9664
12960,228593.7863
4046,174663.9729
2190,224986.9785
15787,150417.1785
1926,233538.1855
3944,184398.4523
14709,241564.524
13046,161903.9317
9845,207913.6855
7432,106100.9467
11524,232333.2807
6393,175305.7611
11323,148333.2991
10352,285985.7856
6811,341128.0164
2606,315544.2865
11660,403975.7408
8305,201148.7434
7357,207898.5308
14796,174676.4999
15587,136436.0484
2461,374270.6972
5605,189599.4648
6554,187442.3017
7662,264359.8387
11798,218277.336
12078,184853.958
1758,126744.0558
7661,452208.957
3335,174643.3132
2854,197109.0009
16659,235159.168
5241,272666.7724
16469,325321.4574
16098,169501.1561
15049,176976.9452
5152,83390.3088
2166,155270.9777
16465,212664.8924
1768,128417.065
8744,225560.7855
10594,154794.3004
1339,152197.8818
6998,177911.4749
723,214148.3361
11357,186074.425
4413,175820.1873
5026,212266.4849
4412,243460.0875
537,151994.1715
10270,115693.4983
9571,245439.4478
9969,262300.7635
7822,67786.9428
6621,212615.1859
208,184039.1524
5195,208224.3028
7032,144477.8921
8263,186360.5334
14719,374082.3341
15622,168871.3268
4259,174974.3731
3085,313295.0294
172,183823.2654
7130,159198.941
8767,172765.7883
3087,162997.4971
4089,261346.9106
11477,121538.3302
2246,183159.2796
1793,166648.546
1630,192729.4654
1189,128027.6694
6050,251229.1404
8752,148685.5802
8963,173871.4154
9671,391516.4343
4820,139385.1804
4475,174182.1711
6396,211515.7679
8932,198700.3807
162,162850.6641
10847,148752.6902
5692,362840.7622
7316,254867.8454
5485,205384.4774
9780,320347.7248
7307,141688.0795
9739,247605.5548
7426,154558.8334
835,173441.8758
11744,268856.2262
11907,202256.7792
5684,200886.6539
10335,111476.564
4466,218560.9166
11593,137992.7642
244,208188.7705
15205,288332.9022
6071,184189.0883
9455,476181.7752
15862,287408.1159
8165,282776.7126
5002,233915.4233
5922,277046.1091
16616,280158.6457
7615,201590.419
7911,203628.9532
7748,221711.0964
11265,312182.6441
15820,174724.9821
6648,179793.0996
7117,264967.9463
10262,188599.1957
2853,253762.7566
4606,200560.9852
12747,140544.1384
3953,148200.1887
3552,211193.3137
2675,236779.29
4611,177943.0592
2025,227039.6963
5424,197395.3413
8546,157079.3911
8875,161677.7118
2807,351282.7398
8578,233496.5325
786,335292.0947
3945,197690.6476
16733,138192.4619
16191,165421.5069
12669,178315.6665
10493,159724.7493
6671,230151.1075
9330,232470.7456
1622,157173.2255
8713,222843.0681
8696,283815.8197
9187,246187.0993
14551,166554.7814
2646,284165.3825
9563,284783.172
4031,149078.055
5155,186291.5294
12116,344560.5524
3834,378572.1095
7785,231549.1267
307,175713.5439
13663,184385.92
16357,109834.4141
10646,155442.2153
5615,169185.1083
4604,172446.0167
9308,183905.7626
16789,245735.4761
15721,206573.7786
4994,377560.8736
5454,169061.8873
4034,202899.5614
1420,369892.4227
6453,144143.8528
8167,182842.1485
11657,248406.7539
14356,398470.5656
2024,233062.8823
7701,110247.5898
6291,182080.3896
789,185213.8363
16315,279184.2142
3677,184647.2682
13309,144529.9002
2088,103985.3667
3707,189334.4431
5240,219887.2471
13197,211235.8194
3147,156753.838
76,312561.3226
14287,150765.7409
7940,246578.2071
2515,110284.9357
4891,229795.6754
7623,306663.6112
10671,390688.7385
13030,179850.3666
14686,216291.4016
13272,237521.5603
14954,284244.0166
16264,241251.1092
14461,192919.0965
13107,268076.6012
8740,320575.5202
2824,238638.094
1645,128110.46
15613,168138.3138
4803,226766.8648
971,156491.3295
13952,176085.0668
3320,172201.9386
15110,154677.4528
2440,191567.8577
10462,145643.2853
6011,318518.3511
9405,130414.2418
511,165660.0602
4141,411282.2876
11651,157124.245
343,201370.7789
14750,241033.0283
3711,183937.8231
6322,160206.8883
6533,205839.4366
6089,217254.9273
286,282693.6645
7639,100756.8378
16722,195659.6469
9157,215723.4215
7137,273175.6822
6669,317829.3746
3326,309551.6478
5820,161581.2559
11604,222031.0489
16087,188978.2198
5327,204261.6554
13639,196102.9161
349,329257.3955
15181,252881.2538
4821,266406.1801
1740,196075.0108
3450,143303.8034
16064,122862.6486
1804,112051.9223
5296,133216.4576
5346,466771.2594
4723,362583.4009
417,159727.184
15756,163821.9882
14090,185219.315
14778,324705.4695
2560,180149.8086
12920,82281.8824
8249,124824.6161
7125,159946.4817
11732,149232.5721
13365,356631.2924
5361,365637.1722
15937,266901.5089
2591,180530.2161
15706,189220.9691
2105,226943.4097
7220,314114.4805
14562,189119.9227
6836,176905.778
8180,244569.3291
4695,132701.7579
5783,316015.2842
4780,195193.842
12504,173983.4407
